art;brand;price;name;value
6596809;ZAIN! Рюкзак женский школьный спортивный для ноутбука;1 877 ₽;Высота предмета;42 см
6596809;ZAIN! Рюкзак женский школьный спортивный для ноутбука;1 877 ₽;Глубина предмета;14 см
6596809;ZAIN! Рюкзак женский школьный спортивный для ноутбука;1 877 ₽;Ширина предмета;28 см
6596809;ZAIN! Рюкзак женский школьный спортивный для ноутбука;1 877 ₽;Длина упаковки;50 см
6596809;ZAIN! Рюкзак женский школьный спортивный для ноутбука;1 877 ₽;Высота упаковки;5 см
6596809;ZAIN! Рюкзак женский школьный спортивный для ноутбука;1 877 ₽;Высота предмета;42 см
6596809;ZAIN! Рюкзак женский школьный спортивный для ноутбука;1 877 ₽;Глубина предмета;14 см
6596809;ZAIN! Рюкзак женский школьный спортивный для ноутбука;1 877 ₽;Ширина предмета;28 см
6596809;ZAIN! Рюкзак женский школьный спортивный для ноутбука;1 877 ₽;Длина упаковки;50 см
6596809;ZAIN! Рюкзак женский школьный спортивный для ноутбука;1 877 ₽;Высота упаковки;5 см
6596809;ZAIN! Рюкзак женский школьный спортивный для ноутбука;1 877 ₽;Ширина упаковки;40 см
6596809;ZAIN! Рюкзак женский школьный спортивный для ноутбука;1 877 ₽;Вид застежки;молния
6596809;ZAIN! Рюкзак женский школьный спортивный для ноутбука;1 877 ₽;Особенности рюкзака;"тканевый для поездки туризма похода; из водоотталкивающей ткани; молодежный вместительный"
6596809;ZAIN! Рюкзак женский школьный спортивный для ноутбука;1 877 ₽;Декоративные элементы;логотип
6596809;ZAIN! Рюкзак женский школьный спортивный для ноутбука;1 877 ₽;Карманы;"Наружный спереди; внутренний на резинке; Большой главный отсек"
6596809;ZAIN! Рюкзак женский школьный спортивный для ноутбука;1 877 ₽;Вместимость рюкзака;16 л
6596809;ZAIN! Рюкзак женский школьный спортивный для ноутбука;1 877 ₽;Вес товара без упаковки (г);320 г
6596809;ZAIN! Рюкзак женский школьный спортивный для ноутбука;1 877 ₽;Материал подкладки;полиэстер
6596809;ZAIN! Рюкзак женский школьный спортивный для ноутбука;1 877 ₽;Страна производства;Россия
6596809;ZAIN! Рюкзак женский школьный спортивный для ноутбука;1 877 ₽;Количество лямок;2 мягкие лямки
6596809;ZAIN! Рюкзак женский школьный спортивный для ноутбука;1 877 ₽;Пол;Женский
6596809;ZAIN! Рюкзак женский школьный спортивный для ноутбука;1 877 ₽;Количество отделений;2 шт.
18485404;arfei рюкзак женский мужской школьный детский;2 700 ₽;Глубина предмета;13 см
18485404;arfei рюкзак женский мужской школьный детский;2 700 ₽;Высота предмета;45 см
18485404;arfei рюкзак женский мужской школьный детский;2 700 ₽;Ширина предмета;30 см
18485404;arfei рюкзак женский мужской школьный детский;2 700 ₽;Длина упаковки;5 см
18485404;arfei рюкзак женский мужской школьный детский;2 700 ₽;Высота упаковки;45 см
18485404;arfei рюкзак женский мужской школьный детский;2 700 ₽;Глубина предмета;13 см
18485404;arfei рюкзак женский мужской школьный детский;2 700 ₽;Высота предмета;45 см
18485404;arfei рюкзак женский мужской школьный детский;2 700 ₽;Ширина предмета;30 см
18485404;arfei рюкзак женский мужской школьный детский;2 700 ₽;Длина упаковки;5 см
18485404;arfei рюкзак женский мужской школьный детский;2 700 ₽;Высота упаковки;45 см
18485404;arfei рюкзак женский мужской школьный детский;2 700 ₽;Ширина упаковки;41 см
18485404;arfei рюкзак женский мужской школьный детский;2 700 ₽;Количество отделений;2 шт.
18485404;arfei рюкзак женский мужской школьный детский;2 700 ₽;Количество лямок;2
18485404;arfei рюкзак женский мужской школьный детский;2 700 ₽;Размер рюкзака;18л
18485404;arfei рюкзак женский мужской школьный детский;2 700 ₽;Особенности рюкзака;"подростковый; Мужская сумка кросс боди через плечо; тканевый"
18485404;arfei рюкзак женский мужской школьный детский;2 700 ₽;Вес товара без упаковки (г);450 г
18485404;arfei рюкзак женский мужской школьный детский;2 700 ₽;Карманы;"Наружный спереди; для ноутбука"
18485404;arfei рюкзак женский мужской школьный детский;2 700 ₽;Материал подкладки;"полиэстер; тканевый"
18485404;arfei рюкзак женский мужской школьный детский;2 700 ₽;Вместимость рюкзака;18 л
18485404;arfei рюкзак женский мужской школьный детский;2 700 ₽;Декоративные элементы;подарок мужчине девушке подростку ребенку
18485404;arfei рюкзак женский мужской школьный детский;2 700 ₽;Страна производства;Китай
18485404;arfei рюкзак женский мужской школьный детский;2 700 ₽;Вид застежки;молния
17670845;Bener Рюкзак Школьный Спортивный с Отделением для Ноутбука;816 ₽;Размер рюкзака;Средний
17670845;Bener Рюкзак Школьный Спортивный с Отделением для Ноутбука;816 ₽;Количество лямок;"2; 2 анатомические вентилируемые лямки"
17670845;Bener Рюкзак Школьный Спортивный с Отделением для Ноутбука;816 ₽;Вместимость рюкзака;13 л
17670845;Bener Рюкзак Школьный Спортивный с Отделением для Ноутбука;816 ₽;Вид застежки;молния
17670845;Bener Рюкзак Школьный Спортивный с Отделением для Ноутбука;816 ₽;Карманы;"Наружный спереди; Для мобильного телефона; Наружный боковой - 2 шт"
17670845;Bener Рюкзак Школьный Спортивный с Отделением для Ноутбука;816 ₽;Размер рюкзака;Средний
17670845;Bener Рюкзак Школьный Спортивный с Отделением для Ноутбука;816 ₽;Количество лямок;"2; 2 анатомические вентилируемые лямки"
17670845;Bener Рюкзак Школьный Спортивный с Отделением для Ноутбука;816 ₽;Вместимость рюкзака;13 л
17670845;Bener Рюкзак Школьный Спортивный с Отделением для Ноутбука;816 ₽;Вид застежки;молния
17670845;Bener Рюкзак Школьный Спортивный с Отделением для Ноутбука;816 ₽;Карманы;"Наружный спереди; Для мобильного телефона; Наружный боковой - 2 шт"
17670845;Bener Рюкзак Школьный Спортивный с Отделением для Ноутбука;816 ₽;Материал подкладки;полиэстер
17670845;Bener Рюкзак Школьный Спортивный с Отделением для Ноутбука;816 ₽;Декоративные элементы;без элементов
17670845;Bener Рюкзак Школьный Спортивный с Отделением для Ноутбука;816 ₽;Особенности рюкзака;"облегченная модель; регулируемые ремни"
17670845;Bener Рюкзак Школьный Спортивный с Отделением для Ноутбука;816 ₽;Страна производства;Россия
17670845;Bener Рюкзак Школьный Спортивный с Отделением для Ноутбука;816 ₽;Вес товара без упаковки (г);400 г
17670845;Bener Рюкзак Школьный Спортивный с Отделением для Ноутбука;816 ₽;Глубина предмета;11 см
17670845;Bener Рюкзак Школьный Спортивный с Отделением для Ноутбука;816 ₽;Ширина предмета;30 см
17670845;Bener Рюкзак Школьный Спортивный с Отделением для Ноутбука;816 ₽;Высота предмета;40 см
17670845;Bener Рюкзак Школьный Спортивный с Отделением для Ноутбука;816 ₽;Длина упаковки;45 см
17670845;Bener Рюкзак Школьный Спортивный с Отделением для Ноутбука;816 ₽;Высота упаковки;7 см
17670845;Bener Рюкзак Школьный Спортивный с Отделением для Ноутбука;816 ₽;Ширина упаковки;45 см
17670845;Bener Рюкзак Школьный Спортивный с Отделением для Ноутбука;816 ₽;Количество отделений;2 шт.
170430434;Jeys&Jo Рюкзак сумка для ноутбука школьный городской;2 451 ₽;Ширина предмета;32 см
170430434;Jeys&Jo Рюкзак сумка для ноутбука школьный городской;2 451 ₽;Глубина предмета;12 см
170430434;Jeys&Jo Рюкзак сумка для ноутбука школьный городской;2 451 ₽;Высота предмета;44 см
170430434;Jeys&Jo Рюкзак сумка для ноутбука школьный городской;2 451 ₽;Длина упаковки;32 см
170430434;Jeys&Jo Рюкзак сумка для ноутбука школьный городской;2 451 ₽;Высота упаковки;44 см
170430434;Jeys&Jo Рюкзак сумка для ноутбука школьный городской;2 451 ₽;Ширина предмета;32 см
170430434;Jeys&Jo Рюкзак сумка для ноутбука школьный городской;2 451 ₽;Глубина предмета;12 см
170430434;Jeys&Jo Рюкзак сумка для ноутбука школьный городской;2 451 ₽;Высота предмета;44 см
170430434;Jeys&Jo Рюкзак сумка для ноутбука школьный городской;2 451 ₽;Длина упаковки;32 см
170430434;Jeys&Jo Рюкзак сумка для ноутбука школьный городской;2 451 ₽;Высота упаковки;44 см
170430434;Jeys&Jo Рюкзак сумка для ноутбука школьный городской;2 451 ₽;Ширина упаковки;5 см
170430434;Jeys&Jo Рюкзак сумка для ноутбука школьный городской;2 451 ₽;Декоративные элементы;Универсальный подарок на 14 февраля, 23 февраля, 8 марта, новый год, рождество, день рождение
170430434;Jeys&Jo Рюкзак сумка для ноутбука школьный городской;2 451 ₽;Размер рюкзака;15-20 литров (средний)
170430434;Jeys&Jo Рюкзак сумка для ноутбука школьный городской;2 451 ₽;Страна производства;Китай
170430434;Jeys&Jo Рюкзак сумка для ноутбука школьный городской;2 451 ₽;Материал подкладки;полиэстер
170430434;Jeys&Jo Рюкзак сумка для ноутбука школьный городской;2 451 ₽;Вес товара без упаковки (г);615 г
170430434;Jeys&Jo Рюкзак сумка для ноутбука школьный городской;2 451 ₽;Особенности рюкзака;"USB-порт; влагозащитный; анатомическая спинка"
170430434;Jeys&Jo Рюкзак сумка для ноутбука школьный городской;2 451 ₽;Карманы;"Наружный спереди; Внутренний для ноутбука/планшета; Внутренний открытый"
170430434;Jeys&Jo Рюкзак сумка для ноутбука школьный городской;2 451 ₽;Количество лямок;2
170430434;Jeys&Jo Рюкзак сумка для ноутбука школьный городской;2 451 ₽;Вид застежки;молния
170430434;Jeys&Jo Рюкзак сумка для ноутбука школьный городской;2 451 ₽;Пол;Мужской
170430434;Jeys&Jo Рюкзак сумка для ноутбука школьный городской;2 451 ₽;Количество отделений;2 шт.
171038094;SUMMER WOW Рюкзак школьный для девочки подростков портфель;1 674 ₽;Высота предмета;40 см
171038094;SUMMER WOW Рюкзак школьный для девочки подростков портфель;1 674 ₽;Ширина предмета;32 см
171038094;SUMMER WOW Рюкзак школьный для девочки подростков портфель;1 674 ₽;Глубина предмета;15 см
171038094;SUMMER WOW Рюкзак школьный для девочки подростков портфель;1 674 ₽;Длина упаковки;3 см
171038094;SUMMER WOW Рюкзак школьный для девочки подростков портфель;1 674 ₽;Высота упаковки;40 см
171038094;SUMMER WOW Рюкзак школьный для девочки подростков портфель;1 674 ₽;Высота предмета;40 см
171038094;SUMMER WOW Рюкзак школьный для девочки подростков портфель;1 674 ₽;Ширина предмета;32 см
171038094;SUMMER WOW Рюкзак школьный для девочки подростков портфель;1 674 ₽;Глубина предмета;15 см
171038094;SUMMER WOW Рюкзак школьный для девочки подростков портфель;1 674 ₽;Длина упаковки;3 см
171038094;SUMMER WOW Рюкзак школьный для девочки подростков портфель;1 674 ₽;Высота упаковки;40 см
171038094;SUMMER WOW Рюкзак школьный для девочки подростков портфель;1 674 ₽;Ширина упаковки;36 см
171038094;SUMMER WOW Рюкзак школьный для девочки подростков портфель;1 674 ₽;Декоративные элементы;В ПОДАРОК: Значки и брелок Мишка
171038094;SUMMER WOW Рюкзак школьный для девочки подростков портфель;1 674 ₽;Размер рюкзака;"15-20 литров; 15-20 литров (средний)"
171038094;SUMMER WOW Рюкзак школьный для девочки подростков портфель;1 674 ₽;Вид застежки;"молния; кнопки на переднем кармане"
171038094;SUMMER WOW Рюкзак школьный для девочки подростков портфель;1 674 ₽;Вес товара без упаковки (г);620 г
171038094;SUMMER WOW Рюкзак школьный для девочки подростков портфель;1 674 ₽;Карманы;"Внутренний для ноутбука/планшета; Два наружным кармана спереди и два по бокам; Внутренний основной для учебников"
171038094;SUMMER WOW Рюкзак школьный для девочки подростков портфель;1 674 ₽;Вместимость рюкзака;18 л
171038094;SUMMER WOW Рюкзак школьный для девочки подростков портфель;1 674 ₽;Количество лямок;2
171038094;SUMMER WOW Рюкзак школьный для девочки подростков портфель;1 674 ₽;Пол;Девочки
155943217;AWK Рюкзак школьный для девочки 5 в 1;2 065 ₽;Ширина предмета;30 см
155943217;AWK Рюкзак школьный для девочки 5 в 1;2 065 ₽;Глубина предмета;40 см
155943217;AWK Рюкзак школьный для девочки 5 в 1;2 065 ₽;Высота предмета;40 см
155943217;AWK Рюкзак школьный для девочки 5 в 1;2 065 ₽;Длина упаковки;35 см
155943217;AWK Рюкзак школьный для девочки 5 в 1;2 065 ₽;Высота упаковки;45 см
155943217;AWK Рюкзак школьный для девочки 5 в 1;2 065 ₽;Ширина предмета;30 см
155943217;AWK Рюкзак школьный для девочки 5 в 1;2 065 ₽;Глубина предмета;40 см
155943217;AWK Рюкзак школьный для девочки 5 в 1;2 065 ₽;Высота предмета;40 см
155943217;AWK Рюкзак школьный для девочки 5 в 1;2 065 ₽;Длина упаковки;35 см
155943217;AWK Рюкзак школьный для девочки 5 в 1;2 065 ₽;Высота упаковки;45 см
155943217;AWK Рюкзак школьный для девочки 5 в 1;2 065 ₽;Ширина упаковки;5 см
155943217;AWK Рюкзак школьный для девочки 5 в 1;2 065 ₽;Количество отделений;2 шт.
155943217;AWK Рюкзак школьный для девочки 5 в 1;2 065 ₽;Количество лямок;2
155943217;AWK Рюкзак школьный для девочки 5 в 1;2 065 ₽;Декоративные элементы;значки, игрушки
155943217;AWK Рюкзак школьный для девочки 5 в 1;2 065 ₽;Карманы;"один большой отдел с дополнительным отсеком; наружные и боковые карманы; Наружный сзади"
155943217;AWK Рюкзак школьный для девочки 5 в 1;2 065 ₽;Материал подкладки;полиэстер
155943217;AWK Рюкзак школьный для девочки 5 в 1;2 065 ₽;Вместимость рюкзака;15 л
155943217;AWK Рюкзак школьный для девочки 5 в 1;2 065 ₽;Вид застежки;"молния; липучка"
155943217;AWK Рюкзак школьный для девочки 5 в 1;2 065 ₽;Страна производства;Китай
155943217;AWK Рюкзак школьный для девочки 5 в 1;2 065 ₽;Размер рюкзака;"15-20 литров, стандартный; вместительный"
155943217;AWK Рюкзак школьный для девочки 5 в 1;2 065 ₽;Особенности рюкзака;"влагоустойчивый; ультралегкая модель; подростковый, для девочек подростков, мягкая спинка"
155943217;AWK Рюкзак школьный для девочки 5 в 1;2 065 ₽;Пол;Девочки
164012457;"Nike Рюкзак мужской; женский; школьный; городской; барсетка";1 908 ₽;Декоративные элементы;логотип
164012457;"Nike Рюкзак мужской; женский; школьный; городской; барсетка";1 908 ₽;Размер рюкзака;Средний
164012457;"Nike Рюкзак мужской; женский; школьный; городской; барсетка";1 908 ₽;Вес товара без упаковки (г);400 г
164012457;"Nike Рюкзак мужской; женский; школьный; городской; барсетка";1 908 ₽;Особенности рюкзака;облегченная модель
164012457;"Nike Рюкзак мужской; женский; школьный; городской; барсетка";1 908 ₽;Материал подкладки;полиэстер
164012457;"Nike Рюкзак мужской; женский; школьный; городской; барсетка";1 908 ₽;Декоративные элементы;логотип
164012457;"Nike Рюкзак мужской; женский; школьный; городской; барсетка";1 908 ₽;Размер рюкзака;Средний
164012457;"Nike Рюкзак мужской; женский; школьный; городской; барсетка";1 908 ₽;Вес товара без упаковки (г);400 г
164012457;"Nike Рюкзак мужской; женский; школьный; городской; барсетка";1 908 ₽;Особенности рюкзака;облегченная модель
164012457;"Nike Рюкзак мужской; женский; школьный; городской; барсетка";1 908 ₽;Материал подкладки;полиэстер
164012457;"Nike Рюкзак мужской; женский; школьный; городской; барсетка";1 908 ₽;Страна производства;Россия
164012457;"Nike Рюкзак мужской; женский; школьный; городской; барсетка";1 908 ₽;Карманы;"Внутренний открытый; Наружный боковой"
164012457;"Nike Рюкзак мужской; женский; школьный; городской; барсетка";1 908 ₽;Вид застежки;молния
164012457;"Nike Рюкзак мужской; женский; школьный; городской; барсетка";1 908 ₽;Вместимость рюкзака;22 л
164012457;"Nike Рюкзак мужской; женский; школьный; городской; барсетка";1 908 ₽;Количество лямок;2
164012457;"Nike Рюкзак мужской; женский; школьный; городской; барсетка";1 908 ₽;Пол;Мужской
164012457;"Nike Рюкзак мужской; женский; школьный; городской; барсетка";1 908 ₽;Высота предмета;45 см
164012457;"Nike Рюкзак мужской; женский; школьный; городской; барсетка";1 908 ₽;Глубина предмета;7 см
164012457;"Nike Рюкзак мужской; женский; школьный; городской; барсетка";1 908 ₽;Ширина предмета;13 см
164012457;"Nike Рюкзак мужской; женский; школьный; городской; барсетка";1 908 ₽;Длина упаковки;30 см
164012457;"Nike Рюкзак мужской; женский; школьный; городской; барсетка";1 908 ₽;Высота упаковки;45 см
164012457;"Nike Рюкзак мужской; женский; школьный; городской; барсетка";1 908 ₽;Ширина упаковки;13 см
164012457;"Nike Рюкзак мужской; женский; школьный; городской; барсетка";1 908 ₽;Количество отделений;4 шт.
147324484;Bag stories Рюкзак мужской черный повседневный;1 500 ₽;Декоративные элементы;логотип
147324484;Bag stories Рюкзак мужской черный повседневный;1 500 ₽;Размер рюкзака;"до 15 литров (маленький); 15-20 литров (средний)"
147324484;Bag stories Рюкзак мужской черный повседневный;1 500 ₽;Вид застежки;"внутренний клапан - липучка; молния"
147324484;Bag stories Рюкзак мужской черный повседневный;1 500 ₽;Количество лямок;2 шт
147324484;Bag stories Рюкзак мужской черный повседневный;1 500 ₽;Страна производства;Китай
147324484;Bag stories Рюкзак мужской черный повседневный;1 500 ₽;Декоративные элементы;логотип
147324484;Bag stories Рюкзак мужской черный повседневный;1 500 ₽;Размер рюкзака;"до 15 литров (маленький); 15-20 литров (средний)"
147324484;Bag stories Рюкзак мужской черный повседневный;1 500 ₽;Вид застежки;"внутренний клапан - липучка; молния"
147324484;Bag stories Рюкзак мужской черный повседневный;1 500 ₽;Количество лямок;2 шт
147324484;Bag stories Рюкзак мужской черный повседневный;1 500 ₽;Страна производства;Китай
147324484;Bag stories Рюкзак мужской черный повседневный;1 500 ₽;Материал подкладки;полиэстер
147324484;Bag stories Рюкзак мужской черный повседневный;1 500 ₽;Вместимость рюкзака;14 л
147324484;Bag stories Рюкзак мужской черный повседневный;1 500 ₽;Карманы;"Внутренний для ноутбука; Наружный спереди; Отделение для ручек и аксессуаров"
147324484;Bag stories Рюкзак мужской черный повседневный;1 500 ₽;Вес товара без упаковки (г);660 г
147324484;Bag stories Рюкзак мужской черный повседневный;1 500 ₽;Особенности рюкзака;"Ортопедический; влагоустойчивый; встроенный USB порт"
147324484;Bag stories Рюкзак мужской черный повседневный;1 500 ₽;Пол;Женский
147324484;Bag stories Рюкзак мужской черный повседневный;1 500 ₽;Количество отделений;1 шт.
147324484;Bag stories Рюкзак мужской черный повседневный;1 500 ₽;Глубина предмета;11 см
147324484;Bag stories Рюкзак мужской черный повседневный;1 500 ₽;Высота предмета;40 см
147324484;Bag stories Рюкзак мужской черный повседневный;1 500 ₽;Ширина предмета;30 см
147324484;Bag stories Рюкзак мужской черный повседневный;1 500 ₽;Длина упаковки;11 см
147324484;Bag stories Рюкзак мужской черный повседневный;1 500 ₽;Высота упаковки;40 см
147324484;Bag stories Рюкзак мужской черный повседневный;1 500 ₽;Ширина упаковки;30 см
147526479;Justline Store Рюкзак Найк повседневный;1 579 ₽;Глубина предмета;13 см
147526479;Justline Store Рюкзак Найк повседневный;1 579 ₽;Высота предмета;42 см
147526479;Justline Store Рюкзак Найк повседневный;1 579 ₽;Ширина предмета;28 см
147526479;Justline Store Рюкзак Найк повседневный;1 579 ₽;Длина упаковки;32 см
147526479;Justline Store Рюкзак Найк повседневный;1 579 ₽;Высота упаковки;46 см
147526479;Justline Store Рюкзак Найк повседневный;1 579 ₽;Глубина предмета;13 см
147526479;Justline Store Рюкзак Найк повседневный;1 579 ₽;Высота предмета;42 см
147526479;Justline Store Рюкзак Найк повседневный;1 579 ₽;Ширина предмета;28 см
147526479;Justline Store Рюкзак Найк повседневный;1 579 ₽;Длина упаковки;32 см
147526479;Justline Store Рюкзак Найк повседневный;1 579 ₽;Высота упаковки;46 см
147526479;Justline Store Рюкзак Найк повседневный;1 579 ₽;Ширина упаковки;4 см
147526479;Justline Store Рюкзак Найк повседневный;1 579 ₽;Количество отделений;2 шт.
147526479;Justline Store Рюкзак Найк повседневный;1 579 ₽;Количество лямок;2 шт
147526479;Justline Store Рюкзак Найк повседневный;1 579 ₽;Декоративные элементы;Рюкзак городской
147526479;Justline Store Рюкзак Найк повседневный;1 579 ₽;Размер рюкзака;"Средний; большой"
147526479;Justline Store Рюкзак Найк повседневный;1 579 ₽;Материал подкладки;полиэстер
147526479;Justline Store Рюкзак Найк повседневный;1 579 ₽;Особенности рюкзака;"воздухопроницаемый; отделение для ноутбука; потайное отделение"
147526479;Justline Store Рюкзак Найк повседневный;1 579 ₽;Страна производства;Китай
147526479;Justline Store Рюкзак Найк повседневный;1 579 ₽;Вид застежки;молния
147526479;Justline Store Рюкзак Найк повседневный;1 579 ₽;Вместимость рюкзака;15 л
147526479;Justline Store Рюкзак Найк повседневный;1 579 ₽;Карманы;1 внутренний для ноутбука/планшета, 4 наружных (2 боковых, 1 задний, 1 передний)
147526479;Justline Store Рюкзак Найк повседневный;1 579 ₽;Вес товара без упаковки (г);300 г
147526479;Justline Store Рюкзак Найк повседневный;1 579 ₽;Пол;Мужской
147338899;Bag stories Рюкзак мужской городской школьный;1 150 ₽;Высота предмета;43 см
147338899;Bag stories Рюкзак мужской городской школьный;1 150 ₽;Ширина предмета;38 см
147338899;Bag stories Рюкзак мужской городской школьный;1 150 ₽;Глубина предмета;10 см
147338899;Bag stories Рюкзак мужской городской школьный;1 150 ₽;Длина упаковки;10 см
147338899;Bag stories Рюкзак мужской городской школьный;1 150 ₽;Высота упаковки;45 см
147338899;Bag stories Рюкзак мужской городской школьный;1 150 ₽;Высота предмета;43 см
147338899;Bag stories Рюкзак мужской городской школьный;1 150 ₽;Ширина предмета;38 см
147338899;Bag stories Рюкзак мужской городской школьный;1 150 ₽;Глубина предмета;10 см
147338899;Bag stories Рюкзак мужской городской школьный;1 150 ₽;Длина упаковки;10 см
147338899;Bag stories Рюкзак мужской городской школьный;1 150 ₽;Высота упаковки;45 см
147338899;Bag stories Рюкзак мужской городской школьный;1 150 ₽;Ширина упаковки;40 см
147338899;Bag stories Рюкзак мужской городской школьный;1 150 ₽;Вместимость рюкзака;20 л
147338899;Bag stories Рюкзак мужской городской школьный;1 150 ₽;Вид застежки;молния
147338899;Bag stories Рюкзак мужской городской школьный;1 150 ₽;Особенности рюкзака;"Ортопедический; влагоустойчивый; ультралегкая модель"
147338899;Bag stories Рюкзак мужской городской школьный;1 150 ₽;Декоративные элементы;логотип
147338899;Bag stories Рюкзак мужской городской школьный;1 150 ₽;Карманы;"Внутренний для ноутбука/планшета; Наружный боковой 2 шт; Наружный сзади"
147338899;Bag stories Рюкзак мужской городской школьный;1 150 ₽;Количество лямок;2 шт регулируемые
147338899;Bag stories Рюкзак мужской городской школьный;1 150 ₽;Вес товара без упаковки (г);300 г
147338899;Bag stories Рюкзак мужской городской школьный;1 150 ₽;Размер рюкзака;"более 20 литров (большой); 15-20 литров (средний)"
147338899;Bag stories Рюкзак мужской городской школьный;1 150 ₽;Материал подкладки;полиэстер 100%
147338899;Bag stories Рюкзак мужской городской школьный;1 150 ₽;Страна производства;Китай
147338899;Bag stories Рюкзак мужской городской школьный;1 150 ₽;Пол;Мужской
147338899;Bag stories Рюкзак мужской городской школьный;1 150 ₽;Количество отделений;2 шт.
167553597;T and J Рюкзак женский школьный спортивный для ноутбука;1 040 ₽;Декоративные элементы;карманы
167553597;T and J Рюкзак женский школьный спортивный для ноутбука;1 040 ₽;Материал подкладки;ПВХ
167553597;T and J Рюкзак женский школьный спортивный для ноутбука;1 040 ₽;Количество лямок;2 мягкие лямки
167553597;T and J Рюкзак женский школьный спортивный для ноутбука;1 040 ₽;Особенности рюкзака;"тканевый для поездки туризма похода; из водоотталкивающей ткани; молодежный вместительный"
167553597;T and J Рюкзак женский школьный спортивный для ноутбука;1 040 ₽;Страна производства;Китай
167553597;T and J Рюкзак женский школьный спортивный для ноутбука;1 040 ₽;Декоративные элементы;карманы
167553597;T and J Рюкзак женский школьный спортивный для ноутбука;1 040 ₽;Материал подкладки;ПВХ
167553597;T and J Рюкзак женский школьный спортивный для ноутбука;1 040 ₽;Количество лямок;2 мягкие лямки
167553597;T and J Рюкзак женский школьный спортивный для ноутбука;1 040 ₽;Особенности рюкзака;"тканевый для поездки туризма похода; из водоотталкивающей ткани; молодежный вместительный"
167553597;T and J Рюкзак женский школьный спортивный для ноутбука;1 040 ₽;Страна производства;Китай
167553597;T and J Рюкзак женский школьный спортивный для ноутбука;1 040 ₽;Карманы;"Наружный спереди; Для документов; Для мобильного телефона"
167553597;T and J Рюкзак женский школьный спортивный для ноутбука;1 040 ₽;Вид застежки;молния
167553597;T and J Рюкзак женский школьный спортивный для ноутбука;1 040 ₽;Размер рюкзака;15-20 литров (средний)
167553597;T and J Рюкзак женский школьный спортивный для ноутбука;1 040 ₽;Пол;Женский
167553597;T and J Рюкзак женский школьный спортивный для ноутбука;1 040 ₽;Количество отделений;2 шт.
167553597;T and J Рюкзак женский школьный спортивный для ноутбука;1 040 ₽;Длина упаковки;60 см
167553597;T and J Рюкзак женский школьный спортивный для ноутбука;1 040 ₽;Высота упаковки;5 см
167553597;T and J Рюкзак женский школьный спортивный для ноутбука;1 040 ₽;Ширина упаковки;50 см
152035827;Nike Рюкзак школьный городской спорт;1 824 ₽;Количество лямок;2 анатомически регулируемые лямки ручками
152035827;Nike Рюкзак школьный городской спорт;1 824 ₽;Вес товара без упаковки (г);350 г
152035827;Nike Рюкзак школьный городской спорт;1 824 ₽;Особенности рюкзака;Влагозащитный водонепроницаемый износостойкий
152035827;Nike Рюкзак школьный городской спорт;1 824 ₽;Материал подкладки;Полиэстр 100 %
152035827;Nike Рюкзак школьный городской спорт;1 824 ₽;Страна производства;Россия
152035827;Nike Рюкзак школьный городской спорт;1 824 ₽;Количество лямок;2 анатомически регулируемые лямки ручками
152035827;Nike Рюкзак школьный городской спорт;1 824 ₽;Вес товара без упаковки (г);350 г
152035827;Nike Рюкзак школьный городской спорт;1 824 ₽;Особенности рюкзака;Влагозащитный водонепроницаемый износостойкий
152035827;Nike Рюкзак школьный городской спорт;1 824 ₽;Материал подкладки;Полиэстр 100 %
152035827;Nike Рюкзак школьный городской спорт;1 824 ₽;Страна производства;Россия
152035827;Nike Рюкзак школьный городской спорт;1 824 ₽;Вид застежки;"Молния ,закрытая; Молния замок"
152035827;Nike Рюкзак школьный городской спорт;1 824 ₽;Карманы;1 внутренний для ноутбука/планшета, 4 наружных (2 боковых, 1 задний, 1 передний)
152035827;Nike Рюкзак школьный городской спорт;1 824 ₽;Размер рюкзака;Средний
152035827;Nike Рюкзак школьный городской спорт;1 824 ₽;Декоративные элементы;Nike
152035827;Nike Рюкзак школьный городской спорт;1 824 ₽;Вместимость рюкзака;16 л
152035827;Nike Рюкзак школьный городской спорт;1 824 ₽;Пол;Мужской
152035827;Nike Рюкзак школьный городской спорт;1 824 ₽;Ширина предмета;30 см
152035827;Nike Рюкзак школьный городской спорт;1 824 ₽;Высота предмета;45 см
152035827;Nike Рюкзак школьный городской спорт;1 824 ₽;Глубина предмета;14 см
152035827;Nike Рюкзак школьный городской спорт;1 824 ₽;Длина упаковки;5 см
152035827;Nike Рюкзак школьный городской спорт;1 824 ₽;Высота упаковки;47 см
152035827;Nike Рюкзак школьный городской спорт;1 824 ₽;Ширина упаковки;32 см
152035827;Nike Рюкзак школьный городской спорт;1 824 ₽;Количество отделений;3 шт.
37634551;LUX DESIGN Рюкзак школьный для девочки подростков портфель подарок мам;3 468 ₽;Карманы;"для бассейна; для тренировок; спортивный"
37634551;LUX DESIGN Рюкзак школьный для девочки подростков портфель подарок мам;3 468 ₽;Размер рюкзака;"Средний; 15-20 литров (средний); более 20 литров (большой)"
37634551;LUX DESIGN Рюкзак школьный для девочки подростков портфель подарок мам;3 468 ₽;Количество лямок;"2; дорожный рюкзак; рюкзак походный"
37634551;LUX DESIGN Рюкзак школьный для девочки подростков портфель подарок мам;3 468 ₽;Материал подкладки;текстиль
37634551;LUX DESIGN Рюкзак школьный для девочки подростков портфель подарок мам;3 468 ₽;Вместимость рюкзака;20 л
37634551;LUX DESIGN Рюкзак школьный для девочки подростков портфель подарок мам;3 468 ₽;Карманы;"для бассейна; для тренировок; спортивный"
37634551;LUX DESIGN Рюкзак школьный для девочки подростков портфель подарок мам;3 468 ₽;Размер рюкзака;"Средний; 15-20 литров (средний); более 20 литров (большой)"
37634551;LUX DESIGN Рюкзак школьный для девочки подростков портфель подарок мам;3 468 ₽;Количество лямок;"2; дорожный рюкзак; рюкзак походный"
37634551;LUX DESIGN Рюкзак школьный для девочки подростков портфель подарок мам;3 468 ₽;Материал подкладки;текстиль
37634551;LUX DESIGN Рюкзак школьный для девочки подростков портфель подарок мам;3 468 ₽;Вместимость рюкзака;20 л
37634551;LUX DESIGN Рюкзак школьный для девочки подростков портфель подарок мам;3 468 ₽;Вес товара без упаковки (г);600 г
37634551;LUX DESIGN Рюкзак школьный для девочки подростков портфель подарок мам;3 468 ₽;Особенности рюкзака;"подростковый; сумка рюкзак; тканевый"
37634551;LUX DESIGN Рюкзак школьный для девочки подростков портфель подарок мам;3 468 ₽;Вид застежки;"молния; кнопки"
37634551;LUX DESIGN Рюкзак школьный для девочки подростков портфель подарок мам;3 468 ₽;Декоративные элементы;подарок мужчине девушке подростку ребенку
37634551;LUX DESIGN Рюкзак школьный для девочки подростков портфель подарок мам;3 468 ₽;Пол;Девочки
37634551;LUX DESIGN Рюкзак школьный для девочки подростков портфель подарок мам;3 468 ₽;Высота предмета;41 см
37634551;LUX DESIGN Рюкзак школьный для девочки подростков портфель подарок мам;3 468 ₽;Глубина предмета;14 см
37634551;LUX DESIGN Рюкзак школьный для девочки подростков портфель подарок мам;3 468 ₽;Ширина предмета;30 см
37634551;LUX DESIGN Рюкзак школьный для девочки подростков портфель подарок мам;3 468 ₽;Длина упаковки;42 см
37634551;LUX DESIGN Рюкзак школьный для девочки подростков портфель подарок мам;3 468 ₽;Высота упаковки;7 см
37634551;LUX DESIGN Рюкзак школьный для девочки подростков портфель подарок мам;3 468 ₽;Ширина упаковки;34 см
37634551;LUX DESIGN Рюкзак школьный для девочки подростков портфель подарок мам;3 468 ₽;Количество отделений;2 шт.
165099749;TIDO Рюкзак школьный для мальчика с анатомической спинкой;1 232 ₽;Декоративные элементы;подарок школьнику мальчику девочке ребенку
165099749;TIDO Рюкзак школьный для мальчика с анатомической спинкой;1 232 ₽;Размер рюкзака;"более 20 литров (большой); Средний"
165099749;TIDO Рюкзак школьный для мальчика с анатомической спинкой;1 232 ₽;Вес товара без упаковки (г);495 г
165099749;TIDO Рюкзак школьный для мальчика с анатомической спинкой;1 232 ₽;Вид застежки;молния
165099749;TIDO Рюкзак школьный для мальчика с анатомической спинкой;1 232 ₽;Материал подкладки;полиэстер
165099749;TIDO Рюкзак школьный для мальчика с анатомической спинкой;1 232 ₽;Декоративные элементы;подарок школьнику мальчику девочке ребенку
165099749;TIDO Рюкзак школьный для мальчика с анатомической спинкой;1 232 ₽;Размер рюкзака;"более 20 литров (большой); Средний"
165099749;TIDO Рюкзак школьный для мальчика с анатомической спинкой;1 232 ₽;Вес товара без упаковки (г);495 г
165099749;TIDO Рюкзак школьный для мальчика с анатомической спинкой;1 232 ₽;Вид застежки;молния
165099749;TIDO Рюкзак школьный для мальчика с анатомической спинкой;1 232 ₽;Материал подкладки;полиэстер
165099749;TIDO Рюкзак школьный для мальчика с анатомической спинкой;1 232 ₽;Вместимость рюкзака;23 л
165099749;TIDO Рюкзак школьный для мальчика с анатомической спинкой;1 232 ₽;Карманы;"Для мобильного телефона; Наружный спереди; Наружный боковой"
165099749;TIDO Рюкзак школьный для мальчика с анатомической спинкой;1 232 ₽;Особенности рюкзака;"влагозащитный; Ортопедическая спинка; усиленные швы"
165099749;TIDO Рюкзак школьный для мальчика с анатомической спинкой;1 232 ₽;Количество лямок;2 анатомические вентилируемые лямки с регулировкой
165099749;TIDO Рюкзак школьный для мальчика с анатомической спинкой;1 232 ₽;Страна производства;Китай
165099749;TIDO Рюкзак школьный для мальчика с анатомической спинкой;1 232 ₽;Пол;Мальчики
165099749;TIDO Рюкзак школьный для мальчика с анатомической спинкой;1 232 ₽;Количество отделений;3 шт.
165099749;TIDO Рюкзак школьный для мальчика с анатомической спинкой;1 232 ₽;Высота предмета;37 см
165099749;TIDO Рюкзак школьный для мальчика с анатомической спинкой;1 232 ₽;Глубина предмета;20 см
165099749;TIDO Рюкзак школьный для мальчика с анатомической спинкой;1 232 ₽;Ширина предмета;32 см
165099749;TIDO Рюкзак школьный для мальчика с анатомической спинкой;1 232 ₽;Длина упаковки;45 см
165099749;TIDO Рюкзак школьный для мальчика с анатомической спинкой;1 232 ₽;Высота упаковки;5 см
165099749;TIDO Рюкзак школьный для мальчика с анатомической спинкой;1 232 ₽;Ширина упаковки;33 см
65872682;End&Start Рюкзак мужской, женский, городской, тактический, спортивный;2 496 ₽;Карманы;Внешние, внутренние
65872682;End&Start Рюкзак мужской, женский, городской, тактический, спортивный;2 496 ₽;Вид застежки;молния
65872682;End&Start Рюкзак мужской, женский, городской, тактический, спортивный;2 496 ₽;Особенности рюкзака;"воздухопроницаемый; отделение для ноутбука; потайное отделение"
65872682;End&Start Рюкзак мужской, женский, городской, тактический, спортивный;2 496 ₽;Материал подкладки;Полиэстер -100%
65872682;End&Start Рюкзак мужской, женский, городской, тактический, спортивный;2 496 ₽;Количество лямок;2
65872682;End&Start Рюкзак мужской, женский, городской, тактический, спортивный;2 496 ₽;Карманы;Внешние, внутренние
65872682;End&Start Рюкзак мужской, женский, городской, тактический, спортивный;2 496 ₽;Вид застежки;молния
65872682;End&Start Рюкзак мужской, женский, городской, тактический, спортивный;2 496 ₽;Особенности рюкзака;"воздухопроницаемый; отделение для ноутбука; потайное отделение"
65872682;End&Start Рюкзак мужской, женский, городской, тактический, спортивный;2 496 ₽;Материал подкладки;Полиэстер -100%
65872682;End&Start Рюкзак мужской, женский, городской, тактический, спортивный;2 496 ₽;Количество лямок;2
65872682;End&Start Рюкзак мужской, женский, городской, тактический, спортивный;2 496 ₽;Страна производства;Китай
65872682;End&Start Рюкзак мужской, женский, городской, тактический, спортивный;2 496 ₽;Размер рюкзака;"Средний; большой"
65872682;End&Start Рюкзак мужской, женский, городской, тактический, спортивный;2 496 ₽;Декоративные элементы;Рюкзак городской
65872682;End&Start Рюкзак мужской, женский, городской, тактический, спортивный;2 496 ₽;Вес товара без упаковки (г);500 г
65872682;End&Start Рюкзак мужской, женский, городской, тактический, спортивный;2 496 ₽;Количество отделений;8 шт.
65872682;End&Start Рюкзак мужской, женский, городской, тактический, спортивный;2 496 ₽;Высота предмета;43 см
65872682;End&Start Рюкзак мужской, женский, городской, тактический, спортивный;2 496 ₽;Ширина предмета;27 см
65872682;End&Start Рюкзак мужской, женский, городской, тактический, спортивный;2 496 ₽;Глубина предмета;13.5 см
65872682;End&Start Рюкзак мужской, женский, городской, тактический, спортивный;2 496 ₽;Длина упаковки;9 см
65872682;End&Start Рюкзак мужской, женский, городской, тактический, спортивный;2 496 ₽;Высота упаковки;49 см
65872682;End&Start Рюкзак мужской, женский, городской, тактический, спортивный;2 496 ₽;Ширина упаковки;35 см
124734258;Sandros Рюкзак школьный черный;2 436 ₽;Размер рюкзака;более 20 литров (большой)
124734258;Sandros Рюкзак школьный черный;2 436 ₽;Количество лямок;2 шт
124734258;Sandros Рюкзак школьный черный;2 436 ₽;Особенности рюкзака;"влагозащитный; регулируемые ремни; усиленные швы"
124734258;Sandros Рюкзак школьный черный;2 436 ₽;Вес товара без упаковки (г);800 г
124734258;Sandros Рюкзак школьный черный;2 436 ₽;Вид застежки;"молния; липучка"
124734258;Sandros Рюкзак школьный черный;2 436 ₽;Размер рюкзака;более 20 литров (большой)
124734258;Sandros Рюкзак школьный черный;2 436 ₽;Количество лямок;2 шт
124734258;Sandros Рюкзак школьный черный;2 436 ₽;Особенности рюкзака;"влагозащитный; регулируемые ремни; усиленные швы"
124734258;Sandros Рюкзак школьный черный;2 436 ₽;Вес товара без упаковки (г);800 г
124734258;Sandros Рюкзак школьный черный;2 436 ₽;Вид застежки;"молния; липучка"
124734258;Sandros Рюкзак школьный черный;2 436 ₽;Декоративные элементы;встроенный USB порт
124734258;Sandros Рюкзак школьный черный;2 436 ₽;Страна производства;Китай
124734258;Sandros Рюкзак школьный черный;2 436 ₽;Карманы;"Наружный спереди; Внутренний для ноутбука/планшета; Наружный боковой"
124734258;Sandros Рюкзак школьный черный;2 436 ₽;Материал подкладки;полиэстер
124734258;Sandros Рюкзак школьный черный;2 436 ₽;Пол;Мужской
124734258;Sandros Рюкзак школьный черный;2 436 ₽;Ширина предмета;30 см
124734258;Sandros Рюкзак школьный черный;2 436 ₽;Длина упаковки;48 см
124734258;Sandros Рюкзак школьный черный;2 436 ₽;Высота упаковки;5 см
124734258;Sandros Рюкзак школьный черный;2 436 ₽;Ширина упаковки;34 см
124734258;Sandros Рюкзак школьный черный;2 436 ₽;Количество отделений;3 шт.
160333895;SMILERS Рюкзак в клетку подростковый для школы женский тканевый Y2K;2 673 ₽;Особенности рюкзака;"отделение для ноутбука; подростковый"
160333895;SMILERS Рюкзак в клетку подростковый для школы женский тканевый Y2K;2 673 ₽;Размер рюкзака;"15-20 литров (средний); 45см на 30"
160333895;SMILERS Рюкзак в клетку подростковый для школы женский тканевый Y2K;2 673 ₽;Материал подкладки;полиэстер
160333895;SMILERS Рюкзак в клетку подростковый для школы женский тканевый Y2K;2 673 ₽;Декоративные элементы;подарок подростку
160333895;SMILERS Рюкзак в клетку подростковый для школы женский тканевый Y2K;2 673 ₽;Вид застежки;y2k
160333895;SMILERS Рюкзак в клетку подростковый для школы женский тканевый Y2K;2 673 ₽;Особенности рюкзака;"отделение для ноутбука; подростковый"
160333895;SMILERS Рюкзак в клетку подростковый для школы женский тканевый Y2K;2 673 ₽;Размер рюкзака;"15-20 литров (средний); 45см на 30"
160333895;SMILERS Рюкзак в клетку подростковый для школы женский тканевый Y2K;2 673 ₽;Материал подкладки;полиэстер
160333895;SMILERS Рюкзак в клетку подростковый для школы женский тканевый Y2K;2 673 ₽;Декоративные элементы;подарок подростку
160333895;SMILERS Рюкзак в клетку подростковый для школы женский тканевый Y2K;2 673 ₽;Вид застежки;y2k
160333895;SMILERS Рюкзак в клетку подростковый для школы женский тканевый Y2K;2 673 ₽;Страна производства;Китай
160333895;SMILERS Рюкзак в клетку подростковый для школы женский тканевый Y2K;2 673 ₽;Количество лямок;2
160333895;SMILERS Рюкзак в клетку подростковый для школы женский тканевый Y2K;2 673 ₽;Пол;Женский
160333895;SMILERS Рюкзак в клетку подростковый для школы женский тканевый Y2K;2 673 ₽;Ширина предмета;30 см
160333895;SMILERS Рюкзак в клетку подростковый для школы женский тканевый Y2K;2 673 ₽;Высота предмета;42 см
160333895;SMILERS Рюкзак в клетку подростковый для школы женский тканевый Y2K;2 673 ₽;Длина упаковки;32 см
160333895;SMILERS Рюкзак в клетку подростковый для школы женский тканевый Y2K;2 673 ₽;Высота упаковки;3 см
160333895;SMILERS Рюкзак в клетку подростковый для школы женский тканевый Y2K;2 673 ₽;Ширина упаковки;45 см
166775445;LINGERIE LAB Рюкзак школьный набор 7 в 1;2 467 ₽;Количество лямок;2
166775445;LINGERIE LAB Рюкзак школьный набор 7 в 1;2 467 ₽;Декоративные элементы;декоративные вставки на ранце, брелок мишка, красивые значки
166775445;LINGERIE LAB Рюкзак школьный набор 7 в 1;2 467 ₽;Материал подкладки;текстиль
166775445;LINGERIE LAB Рюкзак школьный набор 7 в 1;2 467 ₽;Коллекция;осень 2023
166775445;LINGERIE LAB Рюкзак школьный набор 7 в 1;2 467 ₽;Назначение рюкзака;"городской; для девочки; для мальчика"
166775445;LINGERIE LAB Рюкзак школьный набор 7 в 1;2 467 ₽;Количество лямок;2
166775445;LINGERIE LAB Рюкзак школьный набор 7 в 1;2 467 ₽;Декоративные элементы;декоративные вставки на ранце, брелок мишка, красивые значки
166775445;LINGERIE LAB Рюкзак школьный набор 7 в 1;2 467 ₽;Материал подкладки;текстиль
166775445;LINGERIE LAB Рюкзак школьный набор 7 в 1;2 467 ₽;Коллекция;осень 2023
166775445;LINGERIE LAB Рюкзак школьный набор 7 в 1;2 467 ₽;Назначение рюкзака;"городской; для девочки; для мальчика"
166775445;LINGERIE LAB Рюкзак школьный набор 7 в 1;2 467 ₽;Особенности рюкзака;"комплект с аксуссуарами; стильный; подростковый"
166775445;LINGERIE LAB Рюкзак школьный набор 7 в 1;2 467 ₽;Спортивное назначение;"танцы; фитнес, спорт; гимнастика"
166775445;LINGERIE LAB Рюкзак школьный набор 7 в 1;2 467 ₽;Страна производства;Китай
166775445;LINGERIE LAB Рюкзак школьный набор 7 в 1;2 467 ₽;Рисунок;аниме
166775445;LINGERIE LAB Рюкзак школьный набор 7 в 1;2 467 ₽;Карманы;"наружные; внутренние"
166775445;LINGERIE LAB Рюкзак школьный набор 7 в 1;2 467 ₽;Вид застежки;"молния; кнопки"
166775445;LINGERIE LAB Рюкзак школьный набор 7 в 1;2 467 ₽;Комплектация;Рюкзак-1,сумка-2,мешок-2,пенал-1,выделители-1,брелок-1,значки-4
166775445;LINGERIE LAB Рюкзак школьный набор 7 в 1;2 467 ₽;Глубина предмета;26 см
166775445;LINGERIE LAB Рюкзак школьный набор 7 в 1;2 467 ₽;Высота предмета;43 см
166775445;LINGERIE LAB Рюкзак школьный набор 7 в 1;2 467 ₽;Длина упаковки;51 см
166775445;LINGERIE LAB Рюкзак школьный набор 7 в 1;2 467 ₽;Высота упаковки;10 см
166775445;LINGERIE LAB Рюкзак школьный набор 7 в 1;2 467 ₽;Ширина упаковки;40 см
164686213;Школьный рюкзак 5в1, ранец, портфель Рюкзак школьный для девочки для мальчика;2 400 ₽;Количество отделений;2 шт.
164686213;Школьный рюкзак 5в1, ранец, портфель Рюкзак школьный для девочки для мальчика;2 400 ₽;Количество отделений;2 шт.
164686213;Школьный рюкзак 5в1, ранец, портфель Рюкзак школьный для девочки для мальчика;2 400 ₽;Карманы;"Внутренний для ноутбука/планшета; Наружные карманы; рюкзак женский для ноутбука"
164686213;Школьный рюкзак 5в1, ранец, портфель Рюкзак школьный для девочки для мальчика;2 400 ₽;Декоративные элементы;Брелок мягкая игрушка мишка
164686213;Школьный рюкзак 5в1, ранец, портфель Рюкзак школьный для девочки для мальчика;2 400 ₽;Вид застежки;Молния металлическая
164686213;Школьный рюкзак 5в1, ранец, портфель Рюкзак школьный для девочки для мальчика;2 400 ₽;Особенности рюкзака;"влагозащитный; отделение для ноутбука"
164686213;Школьный рюкзак 5в1, ранец, портфель Рюкзак школьный для девочки для мальчика;2 400 ₽;Количество лямок;"2 внешние лямки и 1 петелька; Рюкзак школьный с двумя лямками"
164686213;Школьный рюкзак 5в1, ранец, портфель Рюкзак школьный для девочки для мальчика;2 400 ₽;Материал подкладки;"Полиэстр; рюкзак для девочки; Школьный рюкзак"
164686213;Школьный рюкзак 5в1, ранец, портфель Рюкзак школьный для девочки для мальчика;2 400 ₽;Размер рюкзака;15-20 литров (средний)
164686213;Школьный рюкзак 5в1, ранец, портфель Рюкзак школьный для девочки для мальчика;2 400 ₽;Вес товара без упаковки (г);400 г
164686213;Школьный рюкзак 5в1, ранец, портфель Рюкзак школьный для девочки для мальчика;2 400 ₽;Страна производства;Китай
164686213;Школьный рюкзак 5в1, ранец, портфель Рюкзак школьный для девочки для мальчика;2 400 ₽;Пол;Девочки
164686213;Школьный рюкзак 5в1, ранец, портфель Рюкзак школьный для девочки для мальчика;2 400 ₽;Глубина предмета;13 см
164686213;Школьный рюкзак 5в1, ранец, портфель Рюкзак школьный для девочки для мальчика;2 400 ₽;Ширина предмета;31 см
164686213;Школьный рюкзак 5в1, ранец, портфель Рюкзак школьный для девочки для мальчика;2 400 ₽;Высота предмета;43 см
164686213;Школьный рюкзак 5в1, ранец, портфель Рюкзак школьный для девочки для мальчика;2 400 ₽;Длина упаковки;4 см
164686213;Школьный рюкзак 5в1, ранец, портфель Рюкзак школьный для девочки для мальчика;2 400 ₽;Высота упаковки;50 см
164686213;Школьный рюкзак 5в1, ранец, портфель Рюкзак школьный для девочки для мальчика;2 400 ₽;Ширина упаковки;41 см
111909752;Oopsexe Рюкзак женский школьный для подростков девочке черный;1 682 ₽;Вес товара без упаковки (г);320 г
111909752;Oopsexe Рюкзак женский школьный для подростков девочке черный;1 682 ₽;Декоративные элементы;без элементов
111909752;Oopsexe Рюкзак женский школьный для подростков девочке черный;1 682 ₽;Страна производства;Россия
111909752;Oopsexe Рюкзак женский школьный для подростков девочке черный;1 682 ₽;Вместимость рюкзака;16 л
111909752;Oopsexe Рюкзак женский школьный для подростков девочке черный;1 682 ₽;Материал подкладки;полиэстер
111909752;Oopsexe Рюкзак женский школьный для подростков девочке черный;1 682 ₽;Вес товара без упаковки (г);320 г
111909752;Oopsexe Рюкзак женский школьный для подростков девочке черный;1 682 ₽;Декоративные элементы;без элементов
111909752;Oopsexe Рюкзак женский школьный для подростков девочке черный;1 682 ₽;Страна производства;Россия
111909752;Oopsexe Рюкзак женский школьный для подростков девочке черный;1 682 ₽;Вместимость рюкзака;16 л
111909752;Oopsexe Рюкзак женский школьный для подростков девочке черный;1 682 ₽;Материал подкладки;полиэстер
111909752;Oopsexe Рюкзак женский школьный для подростков девочке черный;1 682 ₽;Количество лямок;2 шт
111909752;Oopsexe Рюкзак женский школьный для подростков девочке черный;1 682 ₽;Вид застежки;молния
111909752;Oopsexe Рюкзак женский школьный для подростков девочке черный;1 682 ₽;Размер рюкзака;15-20 литров (средний)
111909752;Oopsexe Рюкзак женский школьный для подростков девочке черный;1 682 ₽;Карманы;"Наружный спереди; Внутренний открытый; внутренний на резинке"
111909752;Oopsexe Рюкзак женский школьный для подростков девочке черный;1 682 ₽;Особенности рюкзака;"влагозащитный; регулируемые ремни; отделение для ноутбука"
111909752;Oopsexe Рюкзак женский школьный для подростков девочке черный;1 682 ₽;Пол;Женский
111909752;Oopsexe Рюкзак женский школьный для подростков девочке черный;1 682 ₽;Ширина предмета;35 см
111909752;Oopsexe Рюкзак женский школьный для подростков девочке черный;1 682 ₽;Высота предмета;5 см
111909752;Oopsexe Рюкзак женский школьный для подростков девочке черный;1 682 ₽;Глубина предмета;50 см
111909752;Oopsexe Рюкзак женский школьный для подростков девочке черный;1 682 ₽;Длина упаковки;45 см
111909752;Oopsexe Рюкзак женский школьный для подростков девочке черный;1 682 ₽;Высота упаковки;3 см
111909752;Oopsexe Рюкзак женский школьный для подростков девочке черный;1 682 ₽;Ширина упаковки;35 см
111909752;Oopsexe Рюкзак женский школьный для подростков девочке черный;1 682 ₽;Количество отделений;2 шт.
110615646;Academic Рюкзак школьный для мальчика ортопедический с пеналом;1 677 ₽;Вместимость рюкзака;15 л
110615646;Academic Рюкзак школьный для мальчика ортопедический с пеналом;1 677 ₽;Вес товара без упаковки (г);500 г
110615646;Academic Рюкзак школьный для мальчика ортопедический с пеналом;1 677 ₽;Карманы;"Наружный спереди; Внутренний для ноутбука/планшета; Наружный боковой"
110615646;Academic Рюкзак школьный для мальчика ортопедический с пеналом;1 677 ₽;Декоративные элементы;логотип
110615646;Academic Рюкзак школьный для мальчика ортопедический с пеналом;1 677 ₽;Вид застежки;"молния; Молния металлическая"
110615646;Academic Рюкзак школьный для мальчика ортопедический с пеналом;1 677 ₽;Вместимость рюкзака;15 л
110615646;Academic Рюкзак школьный для мальчика ортопедический с пеналом;1 677 ₽;Вес товара без упаковки (г);500 г
110615646;Academic Рюкзак школьный для мальчика ортопедический с пеналом;1 677 ₽;Карманы;"Наружный спереди; Внутренний для ноутбука/планшета; Наружный боковой"
110615646;Academic Рюкзак школьный для мальчика ортопедический с пеналом;1 677 ₽;Декоративные элементы;логотип
110615646;Academic Рюкзак школьный для мальчика ортопедический с пеналом;1 677 ₽;Вид застежки;"молния; Молния металлическая"
110615646;Academic Рюкзак школьный для мальчика ортопедический с пеналом;1 677 ₽;Особенности рюкзака;"облегченная модель; влагоустойчивый; регулируемые ремни"
110615646;Academic Рюкзак школьный для мальчика ортопедический с пеналом;1 677 ₽;Материал подкладки;"полиэстер; текстиль; Тканевый подклад"
110615646;Academic Рюкзак школьный для мальчика ортопедический с пеналом;1 677 ₽;Количество лямок;"Две регулируемые лямки ручками; 2 шт; 2 анатомические лямки"
110615646;Academic Рюкзак школьный для мальчика ортопедический с пеналом;1 677 ₽;Размер рюкзака;"15-20 литров (средний); Средний"
110615646;Academic Рюкзак школьный для мальчика ортопедический с пеналом;1 677 ₽;Страна производства;Китай
110615646;Academic Рюкзак школьный для мальчика ортопедический с пеналом;1 677 ₽;Пол;Мальчики
110615646;Academic Рюкзак школьный для мальчика ортопедический с пеналом;1 677 ₽;Глубина предмета;15 см
110615646;Academic Рюкзак школьный для мальчика ортопедический с пеналом;1 677 ₽;Высота предмета;38 см
110615646;Academic Рюкзак школьный для мальчика ортопедический с пеналом;1 677 ₽;Ширина предмета;29 см
110615646;Academic Рюкзак школьный для мальчика ортопедический с пеналом;1 677 ₽;Длина упаковки;50 см
110615646;Academic Рюкзак школьный для мальчика ортопедический с пеналом;1 677 ₽;Высота упаковки;4 см
110615646;Academic Рюкзак школьный для мальчика ортопедический с пеналом;1 677 ₽;Ширина упаковки;40 см
110615646;Academic Рюкзак школьный для мальчика ортопедический с пеналом;1 677 ₽;Количество отделений;2 шт.
110615647;Academic Рюкзак школьный ортопедический с пеналом;1 677 ₽;Количество лямок;"Две регулируемые лямки ручками; 2 шт; 2 анатомические лямки"
110615647;Academic Рюкзак школьный ортопедический с пеналом;1 677 ₽;Декоративные элементы;логотип
110615647;Academic Рюкзак школьный ортопедический с пеналом;1 677 ₽;Материал подкладки;"полиэстер; текстиль; Тканевый подклад"
110615647;Academic Рюкзак школьный ортопедический с пеналом;1 677 ₽;Размер рюкзака;"15-20 литров (средний); Средний"
110615647;Academic Рюкзак школьный ортопедический с пеналом;1 677 ₽;Особенности рюкзака;"облегченная модель; влагоустойчивый; регулируемые ремни"
110615647;Academic Рюкзак школьный ортопедический с пеналом;1 677 ₽;Количество лямок;"Две регулируемые лямки ручками; 2 шт; 2 анатомические лямки"
110615647;Academic Рюкзак школьный ортопедический с пеналом;1 677 ₽;Декоративные элементы;логотип
110615647;Academic Рюкзак школьный ортопедический с пеналом;1 677 ₽;Материал подкладки;"полиэстер; текстиль; Тканевый подклад"
110615647;Academic Рюкзак школьный ортопедический с пеналом;1 677 ₽;Размер рюкзака;"15-20 литров (средний); Средний"
110615647;Academic Рюкзак школьный ортопедический с пеналом;1 677 ₽;Особенности рюкзака;"облегченная модель; влагоустойчивый; регулируемые ремни"
110615647;Academic Рюкзак школьный ортопедический с пеналом;1 677 ₽;Вес товара без упаковки (г);500 г
110615647;Academic Рюкзак школьный ортопедический с пеналом;1 677 ₽;Страна производства;Китай
110615647;Academic Рюкзак школьный ортопедический с пеналом;1 677 ₽;Вид застежки;"молния; Молния металлическая"
110615647;Academic Рюкзак школьный ортопедический с пеналом;1 677 ₽;Вместимость рюкзака;15 л
110615647;Academic Рюкзак школьный ортопедический с пеналом;1 677 ₽;Карманы;"Наружный спереди; Внутренний для ноутбука/планшета; Наружный боковой"
110615647;Academic Рюкзак школьный ортопедический с пеналом;1 677 ₽;Пол;Мальчики
110615647;Academic Рюкзак школьный ортопедический с пеналом;1 677 ₽;Высота предмета;38 см
110615647;Academic Рюкзак школьный ортопедический с пеналом;1 677 ₽;Глубина предмета;15 см
110615647;Academic Рюкзак школьный ортопедический с пеналом;1 677 ₽;Ширина предмета;29 см
110615647;Academic Рюкзак школьный ортопедический с пеналом;1 677 ₽;Длина упаковки;50 см
110615647;Academic Рюкзак школьный ортопедический с пеналом;1 677 ₽;Высота упаковки;4 см
110615647;Academic Рюкзак школьный ортопедический с пеналом;1 677 ₽;Ширина упаковки;40 см
110615647;Academic Рюкзак школьный ортопедический с пеналом;1 677 ₽;Количество отделений;2 шт.
110615649;Academic Рюкзак школьный ортопедический с пеналом;1 677 ₽;Вес товара без упаковки (г);500 г
110615649;Academic Рюкзак школьный ортопедический с пеналом;1 677 ₽;Вид застежки;"молния; Молния металлическая"
110615649;Academic Рюкзак школьный ортопедический с пеналом;1 677 ₽;Карманы;"Наружный спереди; Внутренний для ноутбука/планшета; Наружный боковой"
110615649;Academic Рюкзак школьный ортопедический с пеналом;1 677 ₽;Вместимость рюкзака;15 л
110615649;Academic Рюкзак школьный ортопедический с пеналом;1 677 ₽;Размер рюкзака;"15-20 литров (средний); Средний"
110615649;Academic Рюкзак школьный ортопедический с пеналом;1 677 ₽;Вес товара без упаковки (г);500 г
110615649;Academic Рюкзак школьный ортопедический с пеналом;1 677 ₽;Вид застежки;"молния; Молния металлическая"
110615649;Academic Рюкзак школьный ортопедический с пеналом;1 677 ₽;Карманы;"Наружный спереди; Внутренний для ноутбука/планшета; Наружный боковой"
110615649;Academic Рюкзак школьный ортопедический с пеналом;1 677 ₽;Вместимость рюкзака;15 л
110615649;Academic Рюкзак школьный ортопедический с пеналом;1 677 ₽;Размер рюкзака;"15-20 литров (средний); Средний"
110615649;Academic Рюкзак школьный ортопедический с пеналом;1 677 ₽;Количество лямок;"Две регулируемые лямки ручками; 2 шт; 2 анатомические лямки"
110615649;Academic Рюкзак школьный ортопедический с пеналом;1 677 ₽;Декоративные элементы;логотип
110615649;Academic Рюкзак школьный ортопедический с пеналом;1 677 ₽;Материал подкладки;"полиэстер; текстиль; Тканевый подклад"
110615649;Academic Рюкзак школьный ортопедический с пеналом;1 677 ₽;Особенности рюкзака;"облегченная модель; влагоустойчивый; регулируемые ремни"
110615649;Academic Рюкзак школьный ортопедический с пеналом;1 677 ₽;Страна производства;Китай
110615649;Academic Рюкзак школьный ортопедический с пеналом;1 677 ₽;Пол;Девочки
110615649;Academic Рюкзак школьный ортопедический с пеналом;1 677 ₽;Количество отделений;2 шт.
110615649;Academic Рюкзак школьный ортопедический с пеналом;1 677 ₽;Ширина предмета;29 см
110615649;Academic Рюкзак школьный ортопедический с пеналом;1 677 ₽;Глубина предмета;15 см
110615649;Academic Рюкзак школьный ортопедический с пеналом;1 677 ₽;Высота предмета;38 см
110615649;Academic Рюкзак школьный ортопедический с пеналом;1 677 ₽;Длина упаковки;50 см
110615649;Academic Рюкзак школьный ортопедический с пеналом;1 677 ₽;Высота упаковки;4 см
110615649;Academic Рюкзак школьный ортопедический с пеналом;1 677 ₽;Ширина упаковки;40 см
141079131;БОРЗ тактика Тактический штурмовой рюкзак для похода и путешествий;1 793 ₽;Размер рюкзака;более 20 литров (большой)
141079131;БОРЗ тактика Тактический штурмовой рюкзак для похода и путешествий;1 793 ₽;Вид застежки;"фастекс; молния"
141079131;БОРЗ тактика Тактический штурмовой рюкзак для похода и путешествий;1 793 ₽;Декоративные элементы;без элементов
141079131;БОРЗ тактика Тактический штурмовой рюкзак для похода и путешествий;1 793 ₽;Страна производства;Китай
141079131;БОРЗ тактика Тактический штурмовой рюкзак для похода и путешествий;1 793 ₽;Вместимость рюкзака;26 л
141079131;БОРЗ тактика Тактический штурмовой рюкзак для похода и путешествий;1 793 ₽;Размер рюкзака;более 20 литров (большой)
141079131;БОРЗ тактика Тактический штурмовой рюкзак для похода и путешествий;1 793 ₽;Вид застежки;"фастекс; молния"
141079131;БОРЗ тактика Тактический штурмовой рюкзак для похода и путешествий;1 793 ₽;Декоративные элементы;без элементов
141079131;БОРЗ тактика Тактический штурмовой рюкзак для похода и путешествий;1 793 ₽;Страна производства;Китай
141079131;БОРЗ тактика Тактический штурмовой рюкзак для похода и путешествий;1 793 ₽;Вместимость рюкзака;26 л
141079131;БОРЗ тактика Тактический штурмовой рюкзак для похода и путешествий;1 793 ₽;Вес товара без упаковки (г);765 г
141079131;БОРЗ тактика Тактический штурмовой рюкзак для похода и путешествий;1 793 ₽;Количество лямок;2 шт
141079131;БОРЗ тактика Тактический штурмовой рюкзак для похода и путешествий;1 793 ₽;Материал подкладки;полиэстер
141079131;БОРЗ тактика Тактический штурмовой рюкзак для похода и путешествий;1 793 ₽;Карманы;"Наружный спереди; Наружный сзади; Внутренний открытый"
141079131;БОРЗ тактика Тактический штурмовой рюкзак для похода и путешествий;1 793 ₽;Особенности рюкзака;"крепление для навески снаряжения; регулируемые ремни; влагозащитный"
141079131;БОРЗ тактика Тактический штурмовой рюкзак для похода и путешествий;1 793 ₽;Пол;Мужской
141079131;БОРЗ тактика Тактический штурмовой рюкзак для похода и путешествий;1 793 ₽;Ширина предмета;25 см
141079131;БОРЗ тактика Тактический штурмовой рюкзак для похода и путешествий;1 793 ₽;Высота предмета;50 см
141079131;БОРЗ тактика Тактический штурмовой рюкзак для похода и путешествий;1 793 ₽;Глубина предмета;30 см
141079131;БОРЗ тактика Тактический штурмовой рюкзак для похода и путешествий;1 793 ₽;Длина упаковки;4 см
141079131;БОРЗ тактика Тактический штурмовой рюкзак для похода и путешествий;1 793 ₽;Высота упаковки;47 см
141079131;БОРЗ тактика Тактический штурмовой рюкзак для похода и путешествий;1 793 ₽;Ширина упаковки;30 см
141079131;БОРЗ тактика Тактический штурмовой рюкзак для похода и путешествий;1 793 ₽;Количество отделений;4 шт.
146385684;Parisot Рюкзак-трансформер из экокожи маленький Парисот;2 765 ₽;Особенности рюкзака;"влагозащитный; трансформер; регулируемые ремни"
146385684;Parisot Рюкзак-трансформер из экокожи маленький Парисот;2 765 ₽;Вместимость рюкзака;5.28 л
146385684;Parisot Рюкзак-трансформер из экокожи маленький Парисот;2 765 ₽;Количество лямок;2
146385684;Parisot Рюкзак-трансформер из экокожи маленький Парисот;2 765 ₽;Страна производства;Китай
146385684;Parisot Рюкзак-трансформер из экокожи маленький Парисот;2 765 ₽;Карманы;"Внутренний открытый; Внутренний на молнии; Наружный боковой"
146385684;Parisot Рюкзак-трансформер из экокожи маленький Парисот;2 765 ₽;Особенности рюкзака;"влагозащитный; трансформер; регулируемые ремни"
146385684;Parisot Рюкзак-трансформер из экокожи маленький Парисот;2 765 ₽;Вместимость рюкзака;5.28 л
146385684;Parisot Рюкзак-трансформер из экокожи маленький Парисот;2 765 ₽;Количество лямок;2
146385684;Parisot Рюкзак-трансформер из экокожи маленький Парисот;2 765 ₽;Страна производства;Китай
146385684;Parisot Рюкзак-трансформер из экокожи маленький Парисот;2 765 ₽;Карманы;"Внутренний открытый; Внутренний на молнии; Наружный боковой"
146385684;Parisot Рюкзак-трансформер из экокожи маленький Парисот;2 765 ₽;Материал подкладки;текстиль
146385684;Parisot Рюкзак-трансформер из экокожи маленький Парисот;2 765 ₽;Вид застежки;молния
146385684;Parisot Рюкзак-трансформер из экокожи маленький Парисот;2 765 ₽;Размер рюкзака;до 15 литров (маленький)
146385684;Parisot Рюкзак-трансформер из экокожи маленький Парисот;2 765 ₽;Декоративные элементы;брелок
146385684;Parisot Рюкзак-трансформер из экокожи маленький Парисот;2 765 ₽;Пол;Женский
146385684;Parisot Рюкзак-трансформер из экокожи маленький Парисот;2 765 ₽;Высота предмета;24 см
146385684;Parisot Рюкзак-трансформер из экокожи маленький Парисот;2 765 ₽;Глубина предмета;10 см
146385684;Parisot Рюкзак-трансформер из экокожи маленький Парисот;2 765 ₽;Ширина предмета;22 см
146385684;Parisot Рюкзак-трансформер из экокожи маленький Парисот;2 765 ₽;Длина упаковки;26 см
146385684;Parisot Рюкзак-трансформер из экокожи маленький Парисот;2 765 ₽;Высота упаковки;12 см
146385684;Parisot Рюкзак-трансформер из экокожи маленький Парисот;2 765 ₽;Ширина упаковки;24 см
146385684;Parisot Рюкзак-трансформер из экокожи маленький Парисот;2 765 ₽;Количество отделений;1 шт.
170571927;UNUT&S рюкзак маленький городской;1 150 ₽;Вес товара без упаковки (г);190 г
170571927;UNUT&S рюкзак маленький городской;1 150 ₽;Размер рюкзака;до 15 литров (маленький)
170571927;UNUT&S рюкзак маленький городской;1 150 ₽;Вид застежки;молния
170571927;UNUT&S рюкзак маленький городской;1 150 ₽;Количество лямок;2
170571927;UNUT&S рюкзак маленький городской;1 150 ₽;Материал подкладки;полиэстер
170571927;UNUT&S рюкзак маленький городской;1 150 ₽;Вес товара без упаковки (г);190 г
170571927;UNUT&S рюкзак маленький городской;1 150 ₽;Размер рюкзака;до 15 литров (маленький)
170571927;UNUT&S рюкзак маленький городской;1 150 ₽;Вид застежки;молния
170571927;UNUT&S рюкзак маленький городской;1 150 ₽;Количество лямок;2
170571927;UNUT&S рюкзак маленький городской;1 150 ₽;Материал подкладки;полиэстер
170571927;UNUT&S рюкзак маленький городской;1 150 ₽;Особенности рюкзака;"мягкие лямки; регулируемые ремни"
170571927;UNUT&S рюкзак маленький городской;1 150 ₽;Карманы;"Для документов; Для мобильного телефона; Наружный боковой"
170571927;UNUT&S рюкзак маленький городской;1 150 ₽;Вместимость рюкзака;12 л
170571927;UNUT&S рюкзак маленький городской;1 150 ₽;Высота предмета;22 см
170571927;UNUT&S рюкзак маленький городской;1 150 ₽;Глубина предмета;11 см
170571927;UNUT&S рюкзак маленький городской;1 150 ₽;Ширина предмета;23 см
170571927;UNUT&S рюкзак маленький городской;1 150 ₽;Длина упаковки;23 см
170571927;UNUT&S рюкзак маленький городской;1 150 ₽;Высота упаковки;9 см
170571927;UNUT&S рюкзак маленький городской;1 150 ₽;Ширина упаковки;25 см
170571927;UNUT&S рюкзак маленький городской;1 150 ₽;Количество отделений;2 шт.
145117769;TIMAN Рюкзак городской тканевый спортивный;1 112 ₽;Вместимость рюкзака;20 л
145117769;TIMAN Рюкзак городской тканевый спортивный;1 112 ₽;Особенности рюкзака;"регулируемые ремни; облегченная модель; влагозащитный"
145117769;TIMAN Рюкзак городской тканевый спортивный;1 112 ₽;Вид застежки;молния
145117769;TIMAN Рюкзак городской тканевый спортивный;1 112 ₽;Материал подкладки;полиэстер
145117769;TIMAN Рюкзак городской тканевый спортивный;1 112 ₽;Декоративные элементы;рюкзак мужской городской
145117769;TIMAN Рюкзак городской тканевый спортивный;1 112 ₽;Вместимость рюкзака;20 л
145117769;TIMAN Рюкзак городской тканевый спортивный;1 112 ₽;Особенности рюкзака;"регулируемые ремни; облегченная модель; влагозащитный"
145117769;TIMAN Рюкзак городской тканевый спортивный;1 112 ₽;Вид застежки;молния
145117769;TIMAN Рюкзак городской тканевый спортивный;1 112 ₽;Материал подкладки;полиэстер
145117769;TIMAN Рюкзак городской тканевый спортивный;1 112 ₽;Декоративные элементы;рюкзак мужской городской
145117769;TIMAN Рюкзак городской тканевый спортивный;1 112 ₽;Вес товара без упаковки (г);500 г
145117769;TIMAN Рюкзак городской тканевый спортивный;1 112 ₽;Карманы;"Наружный спереди; Внутренний для ноутбука/планшета; Наружный боковой"
145117769;TIMAN Рюкзак городской тканевый спортивный;1 112 ₽;Количество лямок;2
145117769;TIMAN Рюкзак городской тканевый спортивный;1 112 ₽;Страна производства;Китай
145117769;TIMAN Рюкзак городской тканевый спортивный;1 112 ₽;Размер рюкзака;15-20 литров (средний)
145117769;TIMAN Рюкзак городской тканевый спортивный;1 112 ₽;Пол;Мужской
145117769;TIMAN Рюкзак городской тканевый спортивный;1 112 ₽;Глубина предмета;16 см
145117769;TIMAN Рюкзак городской тканевый спортивный;1 112 ₽;Высота предмета;42 см
145117769;TIMAN Рюкзак городской тканевый спортивный;1 112 ₽;Ширина предмета;30 см
145117769;TIMAN Рюкзак городской тканевый спортивный;1 112 ₽;Длина упаковки;44 см
145117769;TIMAN Рюкзак городской тканевый спортивный;1 112 ₽;Высота упаковки;2 см
145117769;TIMAN Рюкзак городской тканевый спортивный;1 112 ₽;Ширина упаковки;32 см
145117769;TIMAN Рюкзак городской тканевый спортивный;1 112 ₽;Количество отделений;1 шт.
110615643;Academic Рюкзак школьный для мальчика ортопедический с пеналом;1 677 ₽;Размер рюкзака;"15-20 литров (средний); Средний"
110615643;Academic Рюкзак школьный для мальчика ортопедический с пеналом;1 677 ₽;Вес товара без упаковки (г);500 г
110615643;Academic Рюкзак школьный для мальчика ортопедический с пеналом;1 677 ₽;Особенности рюкзака;"облегченная модель; влагоустойчивый; регулируемые ремни"
110615643;Academic Рюкзак школьный для мальчика ортопедический с пеналом;1 677 ₽;Страна производства;Китай
110615643;Academic Рюкзак школьный для мальчика ортопедический с пеналом;1 677 ₽;Вместимость рюкзака;15 л
110615643;Academic Рюкзак школьный для мальчика ортопедический с пеналом;1 677 ₽;Размер рюкзака;"15-20 литров (средний); Средний"
110615643;Academic Рюкзак школьный для мальчика ортопедический с пеналом;1 677 ₽;Вес товара без упаковки (г);500 г
110615643;Academic Рюкзак школьный для мальчика ортопедический с пеналом;1 677 ₽;Особенности рюкзака;"облегченная модель; влагоустойчивый; регулируемые ремни"
110615643;Academic Рюкзак школьный для мальчика ортопедический с пеналом;1 677 ₽;Страна производства;Китай
110615643;Academic Рюкзак школьный для мальчика ортопедический с пеналом;1 677 ₽;Вместимость рюкзака;15 л
110615643;Academic Рюкзак школьный для мальчика ортопедический с пеналом;1 677 ₽;Материал подкладки;"полиэстер; текстиль; Тканевый подклад"
110615643;Academic Рюкзак школьный для мальчика ортопедический с пеналом;1 677 ₽;Вид застежки;"молния; Молния металлическая"
110615643;Academic Рюкзак школьный для мальчика ортопедический с пеналом;1 677 ₽;Декоративные элементы;логотип
110615643;Academic Рюкзак школьный для мальчика ортопедический с пеналом;1 677 ₽;Карманы;"Наружный спереди; Внутренний для ноутбука/планшета; Наружный боковой"
110615643;Academic Рюкзак школьный для мальчика ортопедический с пеналом;1 677 ₽;Количество лямок;"Две регулируемые лямки ручками; 2 шт; 2 анатомические лямки"
110615643;Academic Рюкзак школьный для мальчика ортопедический с пеналом;1 677 ₽;Пол;Мальчики
110615643;Academic Рюкзак школьный для мальчика ортопедический с пеналом;1 677 ₽;Высота предмета;38 см
110615643;Academic Рюкзак школьный для мальчика ортопедический с пеналом;1 677 ₽;Ширина предмета;29 см
110615643;Academic Рюкзак школьный для мальчика ортопедический с пеналом;1 677 ₽;Глубина предмета;15 см
110615643;Academic Рюкзак школьный для мальчика ортопедический с пеналом;1 677 ₽;Длина упаковки;50 см
110615643;Academic Рюкзак школьный для мальчика ортопедический с пеналом;1 677 ₽;Высота упаковки;4 см
110615643;Academic Рюкзак школьный для мальчика ортопедический с пеналом;1 677 ₽;Ширина упаковки;40 см
110615643;Academic Рюкзак школьный для мальчика ортопедический с пеналом;1 677 ₽;Количество отделений;2 шт.
100058566;Grizzly Рюкзак городской молодежный повседневный однотонный;3 483 ₽;Вместимость рюкзака;17 л
100058566;Grizzly Рюкзак городской молодежный повседневный однотонный;3 483 ₽;Вес товара без упаковки (г);428 г
100058566;Grizzly Рюкзак городской молодежный повседневный однотонный;3 483 ₽;Страна производства;Россия
100058566;Grizzly Рюкзак городской молодежный повседневный однотонный;3 483 ₽;Количество лямок;2
100058566;Grizzly Рюкзак городской молодежный повседневный однотонный;3 483 ₽;Особенности рюкзака;"меховой брелок; влагозащитный; облегченная модель"
100058566;Grizzly Рюкзак городской молодежный повседневный однотонный;3 483 ₽;Вместимость рюкзака;17 л
100058566;Grizzly Рюкзак городской молодежный повседневный однотонный;3 483 ₽;Вес товара без упаковки (г);428 г
100058566;Grizzly Рюкзак городской молодежный повседневный однотонный;3 483 ₽;Страна производства;Россия
100058566;Grizzly Рюкзак городской молодежный повседневный однотонный;3 483 ₽;Количество лямок;2
100058566;Grizzly Рюкзак городской молодежный повседневный однотонный;3 483 ₽;Особенности рюкзака;"меховой брелок; влагозащитный; облегченная модель"
100058566;Grizzly Рюкзак городской молодежный повседневный однотонный;3 483 ₽;Карманы;"Внутренний карман для ноутбука/планшета; Наружный спереди; карман антивор"
100058566;Grizzly Рюкзак городской молодежный повседневный однотонный;3 483 ₽;Материал подкладки;полиэстер
100058566;Grizzly Рюкзак городской молодежный повседневный однотонный;3 483 ₽;Декоративные элементы;Рюкзак городской женский
100058566;Grizzly Рюкзак городской молодежный повседневный однотонный;3 483 ₽;Вид застежки;молния
100058566;Grizzly Рюкзак городской молодежный повседневный однотонный;3 483 ₽;Пол;Женский
100058566;Grizzly Рюкзак городской молодежный повседневный однотонный;3 483 ₽;Количество отделений;1 шт.
100058566;Grizzly Рюкзак городской молодежный повседневный однотонный;3 483 ₽;Высота предмета;41 см
100058566;Grizzly Рюкзак городской молодежный повседневный однотонный;3 483 ₽;Глубина предмета;18 см
100058566;Grizzly Рюкзак городской молодежный повседневный однотонный;3 483 ₽;Ширина предмета;28 см
100058566;Grizzly Рюкзак городской молодежный повседневный однотонный;3 483 ₽;Длина упаковки;39 см
100058566;Grizzly Рюкзак городской молодежный повседневный однотонный;3 483 ₽;Высота упаковки;34 см
100058566;Grizzly Рюкзак городской молодежный повседневный однотонный;3 483 ₽;Ширина упаковки;8 см
140447846;Kilini Рюкзак школьный для подростков с usb;1 195 ₽;Декоративные элементы;без элементов
140447846;Kilini Рюкзак школьный для подростков с usb;1 195 ₽;Особенности рюкзака;"влагоустойчивый; анатомическая спинка"
140447846;Kilini Рюкзак школьный для подростков с usb;1 195 ₽;Размер рюкзака;"Средний; 15-20 литров (средний)"
140447846;Kilini Рюкзак школьный для подростков с usb;1 195 ₽;Карманы;"Внутренний для ноутбука/планшета; Для мобильного телефона; Наружный боковой"
140447846;Kilini Рюкзак школьный для подростков с usb;1 195 ₽;Страна производства;Китай
140447846;Kilini Рюкзак школьный для подростков с usb;1 195 ₽;Декоративные элементы;без элементов
140447846;Kilini Рюкзак школьный для подростков с usb;1 195 ₽;Особенности рюкзака;"влагоустойчивый; анатомическая спинка"
140447846;Kilini Рюкзак школьный для подростков с usb;1 195 ₽;Размер рюкзака;"Средний; 15-20 литров (средний)"
140447846;Kilini Рюкзак школьный для подростков с usb;1 195 ₽;Карманы;"Внутренний для ноутбука/планшета; Для мобильного телефона; Наружный боковой"
140447846;Kilini Рюкзак школьный для подростков с usb;1 195 ₽;Страна производства;Китай
140447846;Kilini Рюкзак школьный для подростков с usb;1 195 ₽;Количество лямок;"2 шт; 2 анатомические лямки; широкие с регулировкой"
140447846;Kilini Рюкзак школьный для подростков с usb;1 195 ₽;Вид застежки;"молния; липучка"
140447846;Kilini Рюкзак школьный для подростков с usb;1 195 ₽;Материал подкладки;ткань
140447846;Kilini Рюкзак школьный для подростков с usb;1 195 ₽;Пол;Мужской
140447846;Kilini Рюкзак школьный для подростков с usb;1 195 ₽;Длина упаковки;5 см
140447846;Kilini Рюкзак школьный для подростков с usb;1 195 ₽;Высота упаковки;42 см
140447846;Kilini Рюкзак школьный для подростков с usb;1 195 ₽;Ширина упаковки;30 см
110615645;Academic Рюкзак школьный ортопедический с пеналом;1 677 ₽;Глубина предмета;15 см
110615645;Academic Рюкзак школьный ортопедический с пеналом;1 677 ₽;Ширина предмета;29 см
110615645;Academic Рюкзак школьный ортопедический с пеналом;1 677 ₽;Высота предмета;38 см
110615645;Academic Рюкзак школьный ортопедический с пеналом;1 677 ₽;Длина упаковки;50 см
110615645;Academic Рюкзак школьный ортопедический с пеналом;1 677 ₽;Высота упаковки;4 см
110615645;Academic Рюкзак школьный ортопедический с пеналом;1 677 ₽;Глубина предмета;15 см
110615645;Academic Рюкзак школьный ортопедический с пеналом;1 677 ₽;Ширина предмета;29 см
110615645;Academic Рюкзак школьный ортопедический с пеналом;1 677 ₽;Высота предмета;38 см
110615645;Academic Рюкзак школьный ортопедический с пеналом;1 677 ₽;Длина упаковки;50 см
110615645;Academic Рюкзак школьный ортопедический с пеналом;1 677 ₽;Высота упаковки;4 см
110615645;Academic Рюкзак школьный ортопедический с пеналом;1 677 ₽;Ширина упаковки;40 см
110615645;Academic Рюкзак школьный ортопедический с пеналом;1 677 ₽;Количество лямок;"Две регулируемые лямки ручками; 2 шт; 2 анатомические лямки"
110615645;Academic Рюкзак школьный ортопедический с пеналом;1 677 ₽;Вес товара без упаковки (г);500 г
110615645;Academic Рюкзак школьный ортопедический с пеналом;1 677 ₽;Размер рюкзака;"15-20 литров (средний); Средний"
110615645;Academic Рюкзак школьный ортопедический с пеналом;1 677 ₽;Декоративные элементы;логотип
110615645;Academic Рюкзак школьный ортопедический с пеналом;1 677 ₽;Карманы;"Наружный спереди; Внутренний для ноутбука/планшета; Наружный боковой"
110615645;Academic Рюкзак школьный ортопедический с пеналом;1 677 ₽;Страна производства;Китай
110615645;Academic Рюкзак школьный ортопедический с пеналом;1 677 ₽;Особенности рюкзака;"облегченная модель; влагоустойчивый; регулируемые ремни"
110615645;Academic Рюкзак школьный ортопедический с пеналом;1 677 ₽;Вид застежки;"молния; Молния металлическая"
110615645;Academic Рюкзак школьный ортопедический с пеналом;1 677 ₽;Материал подкладки;"полиэстер; текстиль; Тканевый подклад"
110615645;Academic Рюкзак школьный ортопедический с пеналом;1 677 ₽;Вместимость рюкзака;15 л
110615645;Academic Рюкзак школьный ортопедический с пеналом;1 677 ₽;Пол;Девочки
110615645;Academic Рюкзак школьный ортопедический с пеналом;1 677 ₽;Количество отделений;2 шт.
110615648;Academic Рюкзак школьный ортопедический с пеналом;1 677 ₽;Глубина предмета;15 см
110615648;Academic Рюкзак школьный ортопедический с пеналом;1 677 ₽;Высота предмета;38 см
110615648;Academic Рюкзак школьный ортопедический с пеналом;1 677 ₽;Ширина предмета;29 см
110615648;Academic Рюкзак школьный ортопедический с пеналом;1 677 ₽;Длина упаковки;50 см
110615648;Academic Рюкзак школьный ортопедический с пеналом;1 677 ₽;Высота упаковки;4 см
110615648;Academic Рюкзак школьный ортопедический с пеналом;1 677 ₽;Глубина предмета;15 см
110615648;Academic Рюкзак школьный ортопедический с пеналом;1 677 ₽;Высота предмета;38 см
110615648;Academic Рюкзак школьный ортопедический с пеналом;1 677 ₽;Ширина предмета;29 см
110615648;Academic Рюкзак школьный ортопедический с пеналом;1 677 ₽;Длина упаковки;50 см
110615648;Academic Рюкзак школьный ортопедический с пеналом;1 677 ₽;Высота упаковки;4 см
110615648;Academic Рюкзак школьный ортопедический с пеналом;1 677 ₽;Ширина упаковки;40 см
110615648;Academic Рюкзак школьный ортопедический с пеналом;1 677 ₽;Вид застежки;"молния; Молния металлическая"
110615648;Academic Рюкзак школьный ортопедический с пеналом;1 677 ₽;Вместимость рюкзака;15 л
110615648;Academic Рюкзак школьный ортопедический с пеналом;1 677 ₽;Страна производства;Китай
110615648;Academic Рюкзак школьный ортопедический с пеналом;1 677 ₽;Карманы;"Наружный спереди; Внутренний для ноутбука/планшета; Наружный боковой"
110615648;Academic Рюкзак школьный ортопедический с пеналом;1 677 ₽;Количество лямок;"Две регулируемые лямки ручками; 2 шт; 2 анатомические лямки"
110615648;Academic Рюкзак школьный ортопедический с пеналом;1 677 ₽;Размер рюкзака;"15-20 литров (средний); Средний"
110615648;Academic Рюкзак школьный ортопедический с пеналом;1 677 ₽;Особенности рюкзака;"облегченная модель; влагоустойчивый; регулируемые ремни"
110615648;Academic Рюкзак школьный ортопедический с пеналом;1 677 ₽;Вес товара без упаковки (г);500 г
110615648;Academic Рюкзак школьный ортопедический с пеналом;1 677 ₽;Декоративные элементы;логотип
110615648;Academic Рюкзак школьный ортопедический с пеналом;1 677 ₽;Материал подкладки;"полиэстер; текстиль; Тканевый подклад"
110615648;Academic Рюкзак школьный ортопедический с пеналом;1 677 ₽;Пол;Девочки
110615648;Academic Рюкзак школьный ортопедический с пеналом;1 677 ₽;Количество отделений;2 шт.
168253607;Красный ананас Рюкзак портфель мужской женский городской черный спортивный;1 900 ₽;Особенности рюкзака;"подростковый; тканевый; крепкий"
168253607;Красный ананас Рюкзак портфель мужской женский городской черный спортивный;1 900 ₽;Материал подкладки;"полиэстер; тканевый"
168253607;Красный ананас Рюкзак портфель мужской женский городской черный спортивный;1 900 ₽;Размер рюкзака;20 л
168253607;Красный ананас Рюкзак портфель мужской женский городской черный спортивный;1 900 ₽;Страна производства;Китай
168253607;Красный ананас Рюкзак портфель мужской женский городской черный спортивный;1 900 ₽;Количество лямок;2
168253607;Красный ананас Рюкзак портфель мужской женский городской черный спортивный;1 900 ₽;Особенности рюкзака;"подростковый; тканевый; крепкий"
168253607;Красный ананас Рюкзак портфель мужской женский городской черный спортивный;1 900 ₽;Материал подкладки;"полиэстер; тканевый"
168253607;Красный ананас Рюкзак портфель мужской женский городской черный спортивный;1 900 ₽;Размер рюкзака;20 л
168253607;Красный ананас Рюкзак портфель мужской женский городской черный спортивный;1 900 ₽;Страна производства;Китай
168253607;Красный ананас Рюкзак портфель мужской женский городской черный спортивный;1 900 ₽;Количество лямок;2
168253607;Красный ананас Рюкзак портфель мужской женский городской черный спортивный;1 900 ₽;Вместимость рюкзака;20 л
168253607;Красный ананас Рюкзак портфель мужской женский городской черный спортивный;1 900 ₽;Вид застежки;молния
168253607;Красный ананас Рюкзак портфель мужской женский городской черный спортивный;1 900 ₽;Вес товара без упаковки (г);550 г
168253607;Красный ананас Рюкзак портфель мужской женский городской черный спортивный;1 900 ₽;Карманы;"Внутренний для ноутбука/планшета; Наружный спереди; Для документов"
168253607;Красный ананас Рюкзак портфель мужской женский городской черный спортивный;1 900 ₽;Декоративные элементы;подарок мужчине девушке подростку ребенку
168253607;Красный ананас Рюкзак портфель мужской женский городской черный спортивный;1 900 ₽;Количество отделений;2 шт.
168253607;Красный ананас Рюкзак портфель мужской женский городской черный спортивный;1 900 ₽;Ширина предмета;30 см
168253607;Красный ананас Рюкзак портфель мужской женский городской черный спортивный;1 900 ₽;Высота предмета;42 см
168253607;Красный ананас Рюкзак портфель мужской женский городской черный спортивный;1 900 ₽;Глубина предмета;15 см
168253607;Красный ананас Рюкзак портфель мужской женский городской черный спортивный;1 900 ₽;Длина упаковки;40 см
168253607;Красный ананас Рюкзак портфель мужской женский городской черный спортивный;1 900 ₽;Высота упаковки;45 см
168253607;Красный ананас Рюкзак портфель мужской женский городской черный спортивный;1 900 ₽;Ширина упаковки;5 см
134543623;MARK RYDEN Рюкзак мужcкой городской школьный cпортивный с USB;6 500 ₽;Особенности рюкзака;"анатомическая спинка; влагозащитный; отделение для ноутбука 17,3"""
134543623;MARK RYDEN Рюкзак мужcкой городской школьный cпортивный с USB;6 500 ₽;Размер рюкзака;более 20 литров (большой)
134543623;MARK RYDEN Рюкзак мужcкой городской школьный cпортивный с USB;6 500 ₽;Вид застежки;молния
134543623;MARK RYDEN Рюкзак мужcкой городской школьный cпортивный с USB;6 500 ₽;Вместимость рюкзака;36 л
134543623;MARK RYDEN Рюкзак мужcкой городской школьный cпортивный с USB;6 500 ₽;Страна производства;Китай
134543623;MARK RYDEN Рюкзак мужcкой городской школьный cпортивный с USB;6 500 ₽;Особенности рюкзака;"анатомическая спинка; влагозащитный; отделение для ноутбука 17,3"""
134543623;MARK RYDEN Рюкзак мужcкой городской школьный cпортивный с USB;6 500 ₽;Размер рюкзака;более 20 литров (большой)
134543623;MARK RYDEN Рюкзак мужcкой городской школьный cпортивный с USB;6 500 ₽;Вид застежки;молния
134543623;MARK RYDEN Рюкзак мужcкой городской школьный cпортивный с USB;6 500 ₽;Вместимость рюкзака;36 л
134543623;MARK RYDEN Рюкзак мужcкой городской школьный cпортивный с USB;6 500 ₽;Страна производства;Китай
134543623;MARK RYDEN Рюкзак мужcкой городской школьный cпортивный с USB;6 500 ₽;Количество лямок;2
134543623;MARK RYDEN Рюкзак мужcкой городской школьный cпортивный с USB;6 500 ₽;Декоративные элементы;внешний usb порт
134543623;MARK RYDEN Рюкзак мужcкой городской школьный cпортивный с USB;6 500 ₽;Карманы;"Внутренний для ноутбука/планшета; Наружный боковой; Для документов"
134543623;MARK RYDEN Рюкзак мужcкой городской школьный cпортивный с USB;6 500 ₽;Материал подкладки;полиэстер
134543623;MARK RYDEN Рюкзак мужcкой городской школьный cпортивный с USB;6 500 ₽;Вес товара без упаковки (г);1200 г
134543623;MARK RYDEN Рюкзак мужcкой городской школьный cпортивный с USB;6 500 ₽;Пол;Мужской
134543623;MARK RYDEN Рюкзак мужcкой городской школьный cпортивный с USB;6 500 ₽;Высота предмета;45 см
134543623;MARK RYDEN Рюкзак мужcкой городской школьный cпортивный с USB;6 500 ₽;Глубина предмета;20 см
134543623;MARK RYDEN Рюкзак мужcкой городской школьный cпортивный с USB;6 500 ₽;Ширина предмета;33 см
134543623;MARK RYDEN Рюкзак мужcкой городской школьный cпортивный с USB;6 500 ₽;Длина упаковки;55 см
134543623;MARK RYDEN Рюкзак мужcкой городской школьный cпортивный с USB;6 500 ₽;Высота упаковки;10 см
134543623;MARK RYDEN Рюкзак мужcкой городской школьный cпортивный с USB;6 500 ₽;Ширина упаковки;40 см
134543623;MARK RYDEN Рюкзак мужcкой городской школьный cпортивный с USB;6 500 ₽;Количество отделений;3 шт.
139029716;SINO Сумка рюкзак трансформер кожаный в школу;3 762 ₽;Особенности рюкзака;"трансформер; рюкзак 2 в 1; сумка женская"
139029716;SINO Сумка рюкзак трансформер кожаный в школу;3 762 ₽;Карманы;"Внутренний открытый; Внутренний на молнии; наружный на молнии сзади"
139029716;SINO Сумка рюкзак трансформер кожаный в школу;3 762 ₽;Материал подкладки;Вискоза 30%, полиэстер 70%
139029716;SINO Сумка рюкзак трансформер кожаный в школу;3 762 ₽;Декоративные элементы;накладной карман на молнии
139029716;SINO Сумка рюкзак трансформер кожаный в школу;3 762 ₽;Количество лямок;2 анатомически регулируемые лямки ручками петля
139029716;SINO Сумка рюкзак трансформер кожаный в школу;3 762 ₽;Особенности рюкзака;"трансформер; рюкзак 2 в 1; сумка женская"
139029716;SINO Сумка рюкзак трансформер кожаный в школу;3 762 ₽;Карманы;"Внутренний открытый; Внутренний на молнии; наружный на молнии сзади"
139029716;SINO Сумка рюкзак трансформер кожаный в школу;3 762 ₽;Материал подкладки;Вискоза 30%, полиэстер 70%
139029716;SINO Сумка рюкзак трансформер кожаный в школу;3 762 ₽;Декоративные элементы;накладной карман на молнии
139029716;SINO Сумка рюкзак трансформер кожаный в школу;3 762 ₽;Количество лямок;2 анатомически регулируемые лямки ручками петля
139029716;SINO Сумка рюкзак трансформер кожаный в школу;3 762 ₽;Вид застежки;Молния металлическая с двумя бегунками
139029716;SINO Сумка рюкзак трансформер кожаный в школу;3 762 ₽;Размер рюкзака;"большой; Средний; стандартный"
139029716;SINO Сумка рюкзак трансформер кожаный в школу;3 762 ₽;Вместимость рюкзака;9 л
139029716;SINO Сумка рюкзак трансформер кожаный в школу;3 762 ₽;Вес товара без упаковки (г);0.75 г
139029716;SINO Сумка рюкзак трансформер кожаный в школу;3 762 ₽;Страна производства;Китай
139029716;SINO Сумка рюкзак трансформер кожаный в школу;3 762 ₽;Пол;Женский
139029716;SINO Сумка рюкзак трансформер кожаный в школу;3 762 ₽;Глубина предмета;16 см
139029716;SINO Сумка рюкзак трансформер кожаный в школу;3 762 ₽;Высота предмета;30 см
139029716;SINO Сумка рюкзак трансформер кожаный в школу;3 762 ₽;Ширина предмета;26 см
139029716;SINO Сумка рюкзак трансформер кожаный в школу;3 762 ₽;Длина упаковки;17 см
139029716;SINO Сумка рюкзак трансформер кожаный в школу;3 762 ₽;Высота упаковки;31 см
139029716;SINO Сумка рюкзак трансформер кожаный в школу;3 762 ₽;Ширина упаковки;27 см
84405402;AMAM Рюкзак школьный для девочки подростков портфель подарок мам;3 330 ₽;Страна производства;Китай
84405402;AMAM Рюкзак школьный для девочки подростков портфель подарок мам;3 330 ₽;Вес товара без упаковки (г);800 г
84405402;AMAM Рюкзак школьный для девочки подростков портфель подарок мам;3 330 ₽;Вид застежки;"молния; портфельная"
84405402;AMAM Рюкзак школьный для девочки подростков портфель подарок мам;3 330 ₽;Карманы;"Наружный боковой; Для документов; Внутренний для ноутбука/планшета"
84405402;AMAM Рюкзак школьный для девочки подростков портфель подарок мам;3 330 ₽;Особенности рюкзака;"облегченная модель; влагоустойчивый; отделение для ноутбука"
84405402;AMAM Рюкзак школьный для девочки подростков портфель подарок мам;3 330 ₽;Страна производства;Китай
84405402;AMAM Рюкзак школьный для девочки подростков портфель подарок мам;3 330 ₽;Вес товара без упаковки (г);800 г
84405402;AMAM Рюкзак школьный для девочки подростков портфель подарок мам;3 330 ₽;Вид застежки;"молния; портфельная"
84405402;AMAM Рюкзак школьный для девочки подростков портфель подарок мам;3 330 ₽;Карманы;"Наружный боковой; Для документов; Внутренний для ноутбука/планшета"
84405402;AMAM Рюкзак школьный для девочки подростков портфель подарок мам;3 330 ₽;Особенности рюкзака;"облегченная модель; влагоустойчивый; отделение для ноутбука"
84405402;AMAM Рюкзак школьный для девочки подростков портфель подарок мам;3 330 ₽;Размер рюкзака;"до 15 литров; 15-20 литров"
84405402;AMAM Рюкзак школьный для девочки подростков портфель подарок мам;3 330 ₽;Количество лямок;2 шт
84405402;AMAM Рюкзак школьный для девочки подростков портфель подарок мам;3 330 ₽;Декоративные элементы;ромашка
84405402;AMAM Рюкзак школьный для девочки подростков портфель подарок мам;3 330 ₽;Материал подкладки;полиэстер
84405402;AMAM Рюкзак школьный для девочки подростков портфель подарок мам;3 330 ₽;Вместимость рюкзака;5 л
84405402;AMAM Рюкзак школьный для девочки подростков портфель подарок мам;3 330 ₽;Пол;Девочки
84405402;AMAM Рюкзак школьный для девочки подростков портфель подарок мам;3 330 ₽;Ширина предмета;35 см
84405402;AMAM Рюкзак школьный для девочки подростков портфель подарок мам;3 330 ₽;Высота предмета;5 см
84405402;AMAM Рюкзак школьный для девочки подростков портфель подарок мам;3 330 ₽;Глубина предмета;40 см
84405402;AMAM Рюкзак школьный для девочки подростков портфель подарок мам;3 330 ₽;Длина упаковки;35 см
84405402;AMAM Рюкзак школьный для девочки подростков портфель подарок мам;3 330 ₽;Высота упаковки;5 см
84405402;AMAM Рюкзак школьный для девочки подростков портфель подарок мам;3 330 ₽;Ширина упаковки;40 см
84405402;AMAM Рюкзак школьный для девочки подростков портфель подарок мам;3 330 ₽;Количество отделений;3 шт.
43070781;BOPAI Рюкзак мужской для ноутбука городской противоударный;6 116 ₽;Глубина предмета;14 см
43070781;BOPAI Рюкзак мужской для ноутбука городской противоударный;6 116 ₽;Высота предмета;47 см
43070781;BOPAI Рюкзак мужской для ноутбука городской противоударный;6 116 ₽;Ширина предмета;30 см
43070781;BOPAI Рюкзак мужской для ноутбука городской противоударный;6 116 ₽;Длина упаковки;12 см
43070781;BOPAI Рюкзак мужской для ноутбука городской противоударный;6 116 ₽;Высота упаковки;50 см
43070781;BOPAI Рюкзак мужской для ноутбука городской противоударный;6 116 ₽;Глубина предмета;14 см
43070781;BOPAI Рюкзак мужской для ноутбука городской противоударный;6 116 ₽;Высота предмета;47 см
43070781;BOPAI Рюкзак мужской для ноутбука городской противоударный;6 116 ₽;Ширина предмета;30 см
43070781;BOPAI Рюкзак мужской для ноутбука городской противоударный;6 116 ₽;Длина упаковки;12 см
43070781;BOPAI Рюкзак мужской для ноутбука городской противоударный;6 116 ₽;Высота упаковки;50 см
43070781;BOPAI Рюкзак мужской для ноутбука городской противоударный;6 116 ₽;Ширина упаковки;31 см
43070781;BOPAI Рюкзак мужской для ноутбука городской противоударный;6 116 ₽;Количество отделений;5 шт.
43070781;BOPAI Рюкзак мужской для ноутбука городской противоударный;6 116 ₽;Особенности рюкзака;"USB-порт; влагозащитный; облегченная модель"
43070781;BOPAI Рюкзак мужской для ноутбука городской противоударный;6 116 ₽;Размер рюкзака;более 20 литров (большой)
43070781;BOPAI Рюкзак мужской для ноутбука городской противоударный;6 116 ₽;Материал подкладки;полиэстер
43070781;BOPAI Рюкзак мужской для ноутбука городской противоударный;6 116 ₽;Вместимость рюкзака;26 л
43070781;BOPAI Рюкзак мужской для ноутбука городской противоударный;6 116 ₽;Количество лямок;2
43070781;BOPAI Рюкзак мужской для ноутбука городской противоударный;6 116 ₽;Вид застежки;"молния; кодовый замок"
43070781;BOPAI Рюкзак мужской для ноутбука городской противоударный;6 116 ₽;Карманы;"Внутренний для ноутбука/планшета; Внутренний на молнии; Наружный сзади"
43070781;BOPAI Рюкзак мужской для ноутбука городской противоударный;6 116 ₽;Вес товара без упаковки (г);1320 г
43070781;BOPAI Рюкзак мужской для ноутбука городской противоударный;6 116 ₽;Страна производства;Китай
43070781;BOPAI Рюкзак мужской для ноутбука городской противоударный;6 116 ₽;Декоративные элементы;каркасный фоторюкзак
43070781;BOPAI Рюкзак мужской для ноутбука городской противоударный;6 116 ₽;Пол;Мужской
166390330;Parisot Рюкзак женский из экокожи маленький на плечо сумка;3 322 ₽;Карманы;Внутренний на молнии
166390330;Parisot Рюкзак женский из экокожи маленький на плечо сумка;3 322 ₽;Декоративные элементы;брелок
166390330;Parisot Рюкзак женский из экокожи маленький на плечо сумка;3 322 ₽;Особенности рюкзака;"влагозащитный; трансформер; регулируемые ремни"
166390330;Parisot Рюкзак женский из экокожи маленький на плечо сумка;3 322 ₽;Материал подкладки;текстиль
166390330;Parisot Рюкзак женский из экокожи маленький на плечо сумка;3 322 ₽;Страна производства;Китай
166390330;Parisot Рюкзак женский из экокожи маленький на плечо сумка;3 322 ₽;Карманы;Внутренний на молнии
166390330;Parisot Рюкзак женский из экокожи маленький на плечо сумка;3 322 ₽;Декоративные элементы;брелок
166390330;Parisot Рюкзак женский из экокожи маленький на плечо сумка;3 322 ₽;Особенности рюкзака;"влагозащитный; трансформер; регулируемые ремни"
166390330;Parisot Рюкзак женский из экокожи маленький на плечо сумка;3 322 ₽;Материал подкладки;текстиль
166390330;Parisot Рюкзак женский из экокожи маленький на плечо сумка;3 322 ₽;Страна производства;Китай
166390330;Parisot Рюкзак женский из экокожи маленький на плечо сумка;3 322 ₽;Вместимость рюкзака;6.3 л
166390330;Parisot Рюкзак женский из экокожи маленький на плечо сумка;3 322 ₽;Вид застежки;молния
166390330;Parisot Рюкзак женский из экокожи маленький на плечо сумка;3 322 ₽;Количество лямок;2 шт.
166390330;Parisot Рюкзак женский из экокожи маленький на плечо сумка;3 322 ₽;Размер рюкзака;до 15 литров (маленький)
166390330;Parisot Рюкзак женский из экокожи маленький на плечо сумка;3 322 ₽;Пол;Женский
166390330;Parisot Рюкзак женский из экокожи маленький на плечо сумка;3 322 ₽;Высота предмета;24 см
166390330;Parisot Рюкзак женский из экокожи маленький на плечо сумка;3 322 ₽;Ширина предмета;22 см
166390330;Parisot Рюкзак женский из экокожи маленький на плечо сумка;3 322 ₽;Глубина предмета;12 см
166390330;Parisot Рюкзак женский из экокожи маленький на плечо сумка;3 322 ₽;Длина упаковки;14 см
166390330;Parisot Рюкзак женский из экокожи маленький на плечо сумка;3 322 ₽;Высота упаковки;26 см
166390330;Parisot Рюкзак женский из экокожи маленький на плечо сумка;3 322 ₽;Ширина упаковки;24 см
146385682;Parisot Рюкзак женский стеганый маленький на плечо Парисот;2 699 ₽;Ширина предмета;26 см
146385682;Parisot Рюкзак женский стеганый маленький на плечо Парисот;2 699 ₽;Высота предмета;30 см
146385682;Parisot Рюкзак женский стеганый маленький на плечо Парисот;2 699 ₽;Глубина предмета;12 см
146385682;Parisot Рюкзак женский стеганый маленький на плечо Парисот;2 699 ₽;Длина упаковки;32 см
146385682;Parisot Рюкзак женский стеганый маленький на плечо Парисот;2 699 ₽;Высота упаковки;14 см
146385682;Parisot Рюкзак женский стеганый маленький на плечо Парисот;2 699 ₽;Ширина предмета;26 см
146385682;Parisot Рюкзак женский стеганый маленький на плечо Парисот;2 699 ₽;Высота предмета;30 см
146385682;Parisot Рюкзак женский стеганый маленький на плечо Парисот;2 699 ₽;Глубина предмета;12 см
146385682;Parisot Рюкзак женский стеганый маленький на плечо Парисот;2 699 ₽;Длина упаковки;32 см
146385682;Parisot Рюкзак женский стеганый маленький на плечо Парисот;2 699 ₽;Высота упаковки;14 см
146385682;Parisot Рюкзак женский стеганый маленький на плечо Парисот;2 699 ₽;Ширина упаковки;28 см
146385682;Parisot Рюкзак женский стеганый маленький на плечо Парисот;2 699 ₽;Вместимость рюкзака;9 л
146385682;Parisot Рюкзак женский стеганый маленький на плечо Парисот;2 699 ₽;Страна производства;Китай
146385682;Parisot Рюкзак женский стеганый маленький на плечо Парисот;2 699 ₽;Декоративные элементы;завязки
146385682;Parisot Рюкзак женский стеганый маленький на плечо Парисот;2 699 ₽;Количество лямок;2 шт
146385682;Parisot Рюкзак женский стеганый маленький на плечо Парисот;2 699 ₽;Вид застежки;"молния; кнопки"
146385682;Parisot Рюкзак женский стеганый маленький на плечо Парисот;2 699 ₽;Материал подкладки;текстиль
146385682;Parisot Рюкзак женский стеганый маленький на плечо Парисот;2 699 ₽;Особенности рюкзака;"влагозащитный; мягкие лямки; регулируемые ремни"
146385682;Parisot Рюкзак женский стеганый маленький на плечо Парисот;2 699 ₽;Карманы;"Внутренний открытый; Внутренний на молнии"
146385682;Parisot Рюкзак женский стеганый маленький на плечо Парисот;2 699 ₽;Размер рюкзака;до 15 литров (маленький)
146385682;Parisot Рюкзак женский стеганый маленький на плечо Парисот;2 699 ₽;Пол;Женский
146385682;Parisot Рюкзак женский стеганый маленький на плечо Парисот;2 699 ₽;Количество отделений;1 шт.
104598811;Parisot Рюкзак маленький из экокожи;3 227 ₽;Декоративные элементы;вышивка
104598811;Parisot Рюкзак маленький из экокожи;3 227 ₽;Вид застежки;молния
104598811;Parisot Рюкзак маленький из экокожи;3 227 ₽;Страна производства;Китай
104598811;Parisot Рюкзак маленький из экокожи;3 227 ₽;Количество лямок;2
104598811;Parisot Рюкзак маленький из экокожи;3 227 ₽;Карманы;"Наружный спереди; Внутренний на молнии"
104598811;Parisot Рюкзак маленький из экокожи;3 227 ₽;Декоративные элементы;вышивка
104598811;Parisot Рюкзак маленький из экокожи;3 227 ₽;Вид застежки;молния
104598811;Parisot Рюкзак маленький из экокожи;3 227 ₽;Страна производства;Китай
104598811;Parisot Рюкзак маленький из экокожи;3 227 ₽;Количество лямок;2
104598811;Parisot Рюкзак маленький из экокожи;3 227 ₽;Карманы;"Наружный спереди; Внутренний на молнии"
104598811;Parisot Рюкзак маленький из экокожи;3 227 ₽;Вместимость рюкзака;6 л
104598811;Parisot Рюкзак маленький из экокожи;3 227 ₽;Размер рюкзака;до 15 литров (маленький)
104598811;Parisot Рюкзак маленький из экокожи;3 227 ₽;Особенности рюкзака;"влагозащитный; мягкие лямки; регулируемые ремни"
104598811;Parisot Рюкзак маленький из экокожи;3 227 ₽;Материал подкладки;текстиль
104598811;Parisot Рюкзак маленький из экокожи;3 227 ₽;Пол;Женский
104598811;Parisot Рюкзак маленький из экокожи;3 227 ₽;Ширина предмета;21 см
104598811;Parisot Рюкзак маленький из экокожи;3 227 ₽;Глубина предмета;12 см
104598811;Parisot Рюкзак маленький из экокожи;3 227 ₽;Высота предмета;26 см
104598811;Parisot Рюкзак маленький из экокожи;3 227 ₽;Длина упаковки;28 см
104598811;Parisot Рюкзак маленький из экокожи;3 227 ₽;Высота упаковки;14 см
104598811;Parisot Рюкзак маленький из экокожи;3 227 ₽;Ширина упаковки;23 см
104598811;Parisot Рюкзак маленький из экокожи;3 227 ₽;Количество отделений;1 шт.
